-- phpMyAdmin SQL Dump
-- version 5.2.0
-- https://www.phpmyadmin.net/
--
-- Hôte : 127.0.0.1:3306
-- Généré le : mar. 11 juin 2024 à 13:05
-- Version du serveur : 8.0.31
-- Version de PHP : 8.0.26

SET SQL_MODE = "NO_AUTO_VALUE_ON_ZERO";
START TRANSACTION;
SET time_zone = "+00:00";


/*!40101 SET @OLD_CHARACTER_SET_CLIENT=@@CHARACTER_SET_CLIENT */;
/*!40101 SET @OLD_CHARACTER_SET_RESULTS=@@CHARACTER_SET_RESULTS */;
/*!40101 SET @OLD_COLLATION_CONNECTION=@@COLLATION_CONNECTION */;
/*!40101 SET NAMES utf8mb4 */;

--
-- Base de données : `gestcontrapp`
--

-- --------------------------------------------------------

--
-- Structure de la table `adhesion`
--

DROP TABLE IF EXISTS `adhesion`;
CREATE TABLE IF NOT EXISTS `adhesion` (
  `id_adhesion` int NOT NULL AUTO_INCREMENT,
  `id_operatoire` int NOT NULL,
  `negoce` int NOT NULL,
  `validation_offre` int DEFAULT NULL,
  `info_client` int NOT NULL,
  `elaboration_contrat` int DEFAULT NULL,
  `transmition_contrat_client` int NOT NULL,
  `finalisation_dossier` int NOT NULL,
  `control_final` int DEFAULT NULL,
  `validation_dossier` int NOT NULL,
  `transmition_contrat_remise` int NOT NULL,
  `transmition_decharge` int NOT NULL,
  `reception_dossier` int NOT NULL,
  `archivage` int NOT NULL,
  `date_ajout` date NOT NULL,
  PRIMARY KEY (`id_adhesion`)
) ENGINE=MyISAM AUTO_INCREMENT=48 DEFAULT CHARSET=utf8mb4 COLLATE=utf8mb4_unicode_ci;

--
-- Déchargement des données de la table `adhesion`
--

INSERT INTO `adhesion` (`id_adhesion`, `id_operatoire`, `negoce`, `validation_offre`, `info_client`, `elaboration_contrat`, `transmition_contrat_client`, `finalisation_dossier`, `control_final`, `validation_dossier`, `transmition_contrat_remise`, `transmition_decharge`, `reception_dossier`, `archivage`, `date_ajout`) VALUES
(1, 1, 1, 1, 1, 1, 1, 1, 1, 1, 1, 1, 1, 1, '2024-05-11'),
(2, 2, 1, 1, 1, 1, 1, 1, 1, 1, 1, 1, 1, 1, '2024-05-11'),
(3, 3, 1, 1, 1, 1, 1, 1, 1, 1, 1, 1, 1, 1, '2024-05-11'),
(6, 6, 1, 0, 1, 0, 1, 1, 0, 1, 1, 1, 1, 1, '2024-05-11'),
(5, 5, 1, 0, 1, 0, 1, 1, 1, 1, 1, 1, 1, 1, '2024-05-11'),
(40, 40, 1, 0, 1, 0, 1, 1, 0, 1, 1, 1, 1, 1, '2024-06-05'),
(8, 8, 1, 1, 1, 1, 1, 1, 1, 1, 1, 1, 1, 1, '2024-05-11'),
(9, 9, 1, 1, 1, 1, 1, 1, 1, 1, 1, 1, 1, 1, '2024-05-11'),
(10, 10, 1, 1, 1, 1, 1, 1, 1, 1, 1, 1, 1, 1, '2024-05-11'),
(11, 11, 1, 1, 1, 1, 1, 1, 1, 1, 1, 1, 1, 1, '2024-05-11'),
(12, 12, 1, 1, 1, 1, 0, 0, NULL, 0, 0, 0, 0, 0, '2024-05-11'),
(13, 13, 1, 1, 1, 1, 1, 0, NULL, 0, 0, 0, 0, 0, '2024-05-11'),
(14, 14, 1, NULL, 0, NULL, 0, 0, NULL, 0, 0, 0, 0, 0, '2024-05-11'),
(15, 15, 1, 1, 1, 1, 1, 1, 0, 0, 0, 0, 0, 0, '2024-05-11'),
(16, 16, 1, 1, 1, 1, 1, 1, 1, 1, 1, 1, 1, 1, '2024-05-13'),
(17, 17, 1, 1, 1, 1, 1, 1, 1, 1, 1, 1, 1, 1, '2024-05-13'),
(18, 18, 1, 1, 1, 1, 0, 0, NULL, 0, 0, 0, 0, 0, '2024-05-14'),
(19, 19, 1, 1, 1, 1, 1, 1, 1, 1, 1, 1, 1, 1, '2024-05-15'),
(20, 20, 1, 1, 0, NULL, 0, 0, NULL, 0, 0, 0, 0, 0, '2024-05-16'),
(21, 21, 1, 0, 1, 0, 1, 1, 0, 1, 1, 1, 1, 1, '2024-05-16'),
(22, 22, 1, 1, 1, 1, 1, 1, 1, 0, 0, 0, 0, 0, '2024-05-16'),
(23, 23, 1, 1, 1, 1, 1, 1, NULL, 0, 0, 0, 0, 0, '2024-05-17'),
(24, 24, 1, 1, 1, 1, 1, 1, 1, 1, 1, 1, 1, 1, '2024-05-17'),
(25, 25, 1, 1, 1, 1, 1, 1, 1, 1, 1, 1, 1, 1, '2024-05-17'),
(26, 26, 1, 1, 1, 1, 1, 1, 1, 1, 1, 1, 1, 1, '2024-05-17'),
(27, 27, 1, 1, 1, NULL, 0, 0, NULL, 0, 0, 0, 0, 0, '2024-05-17'),
(28, 28, 1, 0, 1, 0, 1, 1, 0, 1, 1, 1, 1, 1, '2024-05-17'),
(29, 29, 1, 1, 1, 1, 1, 1, 1, 1, 1, 1, 1, 1, '2024-05-17'),
(30, 30, 1, 1, 1, 1, 1, 1, 1, 1, 1, 1, 1, 1, '2024-05-17'),
(31, 31, 1, NULL, 0, NULL, 0, 0, NULL, 0, 0, 0, 0, 0, '2024-05-17'),
(32, 32, 1, NULL, 0, NULL, 0, 0, NULL, 0, 0, 0, 0, 0, '2024-05-23'),
(33, 33, 1, 0, 1, 0, 1, 0, NULL, 0, 0, 0, 0, 0, '2024-05-27'),
(34, 34, 1, 1, 1, 1, 1, 1, 1, 1, 1, 1, 1, 1, '2024-05-28'),
(35, 35, 1, 1, 0, NULL, 0, 0, NULL, 0, 0, 0, 0, 0, '2024-05-28'),
(36, 36, 1, 1, 1, 1, 1, 1, 1, 1, 1, 1, 1, 1, '2024-05-30'),
(37, 37, 1, 1, 0, NULL, 0, 0, NULL, 0, 0, 0, 0, 0, '2024-05-31'),
(38, 38, 1, NULL, 0, NULL, 0, 0, NULL, 0, 0, 0, 0, 0, '2024-05-31'),
(39, 39, 1, NULL, 0, NULL, 0, 0, NULL, 0, 0, 0, 0, 0, '2024-06-01'),
(41, 41, 1, 1, 1, 1, 1, 1, 1, 1, 1, 1, 1, 1, '2024-06-05'),
(42, 42, 1, 1, 1, 1, 1, 1, 1, 1, 1, 1, 1, 1, '2024-06-05'),
(43, 43, 1, NULL, 0, NULL, 0, 0, NULL, 0, 0, 0, 0, 0, '2024-06-05'),
(44, 44, 1, NULL, 0, NULL, 0, 0, NULL, 0, 0, 0, 0, 0, '2024-06-06'),
(45, 45, 1, 1, 1, 1, 1, 1, 1, 1, 1, 1, 1, 1, '2024-06-06'),
(46, 46, 1, NULL, 0, NULL, 0, 0, NULL, 0, 0, 0, 0, 0, '2024-06-06'),
(47, 47, 1, NULL, 0, NULL, 0, 0, NULL, 0, 0, 0, 0, 0, '2024-06-08');

-- --------------------------------------------------------

--
-- Structure de la table `immeubles_entites`
--

DROP TABLE IF EXISTS `immeubles_entites`;
CREATE TABLE IF NOT EXISTS `immeubles_entites` (
  `id` int NOT NULL AUTO_INCREMENT,
  `entite` varchar(20) CHARACTER SET utf8mb4 COLLATE utf8mb4_unicode_ci DEFAULT NULL,
  `site` varchar(40) CHARACTER SET utf8mb4 COLLATE utf8mb4_unicode_ci DEFAULT NULL,
  `ville` varchar(10) CHARACTER SET utf8mb4 COLLATE utf8mb4_unicode_ci DEFAULT NULL,
  `nature_logement` varchar(30) COLLATE utf8mb4_unicode_ci DEFAULT NULL,
  `type_logement` varchar(30) COLLATE utf8mb4_unicode_ci DEFAULT NULL,
  `logement` varchar(30) COLLATE utf8mb4_unicode_ci DEFAULT NULL,
  PRIMARY KEY (`id`)
) ENGINE=MyISAM AUTO_INCREMENT=693 DEFAULT CHARSET=utf8mb4 COLLATE=utf8mb4_unicode_ci;

--
-- Déchargement des données de la table `immeubles_entites`
--

INSERT INTO `immeubles_entites` (`id`, `entite`, `site`, `ville`, `nature_logement`, `type_logement`, `logement`) VALUES
(1, 'Sci Emergence', 'Bastos (Consulat De Suisse)', 'Yaoundé', 'Non-Meuble', 'Villa', 'CONSULSS'),
(2, 'Sci Emergence', 'Bastos (Consulat De Suisse)', 'Yaoundé', '', 'Villa', 'CONSULSS'),
(3, 'Sci Sotradic', 'Bertoua (Agence Srpc)', 'Bertoua', '', 'Magasin', ''),
(4, 'CMIC', 'Blue Sky (Résidence)', 'Douala', 'Meuble', 'Chambre', '206'),
(5, 'CMIC', 'Blue Sky (Résidence)', 'Douala', 'Meuble', 'Chambre', '306'),
(6, 'CMIC', 'Blue Sky (Résidence)', 'Douala', 'Non-Meuble', 'Studio', '205'),
(7, 'CMIC', 'Blue Sky (Résidence)', 'Douala', 'Non-Meuble', 'Studio', '303'),
(8, 'CMIC', 'Blue Sky (Résidence)', 'Douala', 'Meuble', 'Studio', '202'),
(9, 'CMIC', 'Blue Sky (Résidence)', 'Douala', 'Meuble', 'Studio', '203'),
(10, 'CMIC', 'Blue Sky (Résidence)', 'Douala', 'Meuble', 'Studio', '204'),
(11, 'CMIC', 'Blue Sky (Résidence)', 'Douala', 'Meuble', 'Studio', '302'),
(12, 'CMIC', 'Blue Sky (Résidence)', 'Douala', 'Meuble', 'Studio', '304'),
(13, 'CMIC', 'Blue Sky (Résidence)', 'Douala', 'Meuble', 'Studio', '305'),
(14, 'CMIC', 'Blue Sky (Résidence)', 'Douala', 'Non-Meuble', 'Studio', '401'),
(15, 'CMIC', 'Blue Sky (Résidence)', 'Douala', 'Non-Meuble', 'Studio', '402'),
(16, 'CMIC', 'Blue Sky (Résidence)', 'Douala', 'Non-Meuble', 'Studio', '404'),
(17, 'CMIC', 'Blue Sky (Résidence)', 'Douala', 'Non-Meuble', 'Studio', '405'),
(18, 'CMIC', 'Blue Sky (Résidence)', 'Douala', 'Non-Meuble', 'Studio', '501'),
(19, 'CMIC', 'Blue Sky (Résidence)', 'Douala', 'Non-Meuble', 'Studio', '502'),
(20, 'CMIC', 'Blue Sky (Résidence)', 'Douala', 'Non-Meuble', 'Studio', '504'),
(21, 'CMIC', 'Blue Sky (Résidence)', 'Douala', 'Non-Meuble', 'Studio', '505'),
(22, 'CMIC', 'Blue Sky (Résidence)', 'Douala', 'Non-Meuble', 'Studio', '601'),
(23, 'CMIC', 'Blue Sky (Résidence)', 'Douala', 'Non-Meuble', 'Studio', '602'),
(24, 'CMIC', 'Blue Sky (Résidence)', 'Douala', 'Non-Meuble', 'Studio', '604'),
(25, 'CMIC', 'Blue Sky (Résidence)', 'Douala', 'Non-Meuble', 'Studio', '605'),
(26, 'CMIC', 'Blue Sky (Résidence)', 'Douala', 'Non-Meuble', 'Appart 2Ch', '403'),
(27, 'CMIC', 'Blue Sky (Résidence)', 'Douala', 'Meuble', 'Appart 2Ch', '301'),
(28, 'CMIC', 'Blue Sky (Résidence)', 'Douala', 'Meuble', 'Appart 2Ch', '700'),
(29, 'CMIC', 'Blue Sky (Résidence)', 'Douala', 'Non-Meuble', 'Appart 2Ch', '503'),
(30, 'CMIC', 'Blue Sky (Résidence)', 'Douala', 'Non-Meuble', 'Appart 2Ch', '603'),
(31, 'CMIC', 'Blue Sky (Résidence)', 'Douala', 'Non-Meuble', 'Bureau', '101'),
(32, 'CMIC', 'Blue Sky (Résidence)', 'Douala', 'Non-Meuble', 'Bureau', '201'),
(33, 'CMIC', 'Blue Sky (Résidence)', 'Douala', 'Non-Meuble', 'Bureau', '207'),
(34, 'CMIC', 'Blue Sky (Résidence)', 'Douala', 'Non-Meuble', 'Bureau', 'BUREAU01'),
(35, 'CMIC', 'Blue Sky (Résidence)', 'Douala', 'Non-Meuble', 'Bureau', 'BUREAU02'),
(36, 'Sorepco', 'Buea (Magasin)', 'Buéa', '', 'Magasin', '2'),
(37, 'Mr Djemmo Lucas', 'Camp Yabassi (Immeuble)', 'Douala', 'Non-Meuble', 'Chambre', 'CH01'),
(38, 'Mr Djemmo Lucas', 'Camp Yabassi (Immeuble)', 'Douala', 'Non-Meuble', 'Chambre', 'CH02'),
(39, 'Mr Djemmo Lucas', 'Camp Yabassi (Immeuble)', 'Douala', 'Non-Meuble', 'Chambre', 'CH03'),
(40, 'Mr Djemmo Lucas', 'Camp Yabassi (Immeuble)', 'Douala', 'Non-Meuble', 'Chambre', 'CH04'),
(41, 'Mr Djemmo Lucas', 'Camp Yabassi (Immeuble)', 'Douala', 'Non-Meuble', 'Chambre', 'CH05'),
(42, 'Mr Djemmo Lucas', 'Camp Yabassi (Immeuble)', 'Douala', 'Non-Meuble', 'Chambre', 'CH06'),
(43, 'Mr Djemmo Lucas', 'Camp Yabassi (Immeuble)', 'Douala', 'Non-Meuble', 'Chambre', 'CH07'),
(44, 'Mr Djemmo Lucas', 'Camp Yabassi (Immeuble)', 'Douala', 'Non-Meuble', 'Chambre', 'CH08'),
(45, 'Mr Djemmo Lucas', 'Camp Yabassi (Immeuble)', 'Douala', 'Non-Meuble', 'Chambre', 'CH09'),
(46, 'Mr Djemmo Lucas', 'Camp Yabassi (Immeuble)', 'Douala', 'Non-Meuble', 'Chambre', 'CH10'),
(47, 'Mr Djemmo Lucas', 'Camp Yabassi (Immeuble)', 'Douala', 'Non-Meuble', 'Chambre', 'CH11'),
(48, 'Mr Djemmo Lucas', 'Camp Yabassi (Immeuble)', 'Douala', 'Non-Meuble', 'Chambre', 'CH12'),
(49, 'Mr Djemmo Lucas', 'Camp Yabassi (Immeuble)', 'Douala', 'Non-Meuble', 'Chambre', 'CH13'),
(50, 'Mr Djemmo Lucas', 'Camp Yabassi (Immeuble)', 'Douala', 'Non-Meuble', 'Chambre', 'CH14'),
(51, 'Mr Djemmo Lucas', 'Camp Yabassi (Immeuble)', 'Douala', 'Non-Meuble', 'Chambre', 'CH15'),
(52, 'Mr Djemmo Lucas', 'Camp Yabassi (Immeuble)', 'Douala', 'Non-Meuble', 'Chambre', 'CH16'),
(53, 'Mr Djemmo Lucas', 'Camp Yabassi (Immeuble)', 'Douala', 'Non-Meuble', 'Chambre', 'CH17'),
(54, 'Mr Djemmo Lucas', 'Camp Yabassi (Immeuble)', 'Douala', 'Non-Meuble', 'Chambre', 'CH18'),
(55, 'Mr Djemmo Lucas', 'Camp Yabassi (Immeuble)', 'Douala', 'Non-Meuble', 'Studio', 'ST01'),
(56, 'Mr Djemmo Lucas', 'Camp Yabassi (Immeuble)', 'Douala', 'Non-Meuble', 'Studio', 'ST02'),
(57, 'Mr Djemmo Lucas', 'Camp Yabassi (Immeuble)', 'Douala', 'Non-Meuble', 'Studio', 'ST03'),
(58, 'Mr Djemmo Lucas', 'Camp Yabassi (Immeuble)', 'Douala', '', 'Boutique', 'BTQ01'),
(59, 'Mr Djemmo Lucas', 'Camp Yabassi (Immeuble)', 'Douala', '', 'Boutique', 'BTQ02'),
(60, 'Mr Djemmo Lucas', 'Camp Yabassi (Immeuble)', 'Douala', '', 'Boutique', 'BTQ03'),
(61, 'Mr Djemmo Lucas', 'Camp Yabassi (Immeuble)', 'Douala', '', 'Boutique', 'BTQ04'),
(62, 'Sci Sotradic', 'Carat Akwa (Résidence)', 'Douala', 'Meuble', 'Studio', '402'),
(63, 'Sci Sotradic', 'Carat Akwa (Résidence)', 'Douala', 'Meuble', 'Studio', '403'),
(64, 'Sci Sotradic', 'Carat Akwa (Résidence)', 'Douala', 'Meuble', 'Studio', '406'),
(65, 'Sci Sotradic', 'Carat Akwa (Résidence)', 'Douala', 'Meuble', 'Studio', '407'),
(66, 'Sci Sotradic', 'Carat Akwa (Résidence)', 'Douala', 'Meuble', 'Studio', '502'),
(67, 'Sci Sotradic', 'Carat Akwa (Résidence)', 'Douala', 'Meuble', 'Studio', '503'),
(68, 'Sci Sotradic', 'Carat Akwa (Résidence)', 'Douala', 'Meuble', 'Studio', '506'),
(69, 'Sci Sotradic', 'Carat Akwa (Résidence)', 'Douala', 'Meuble', 'Studio', '507'),
(70, 'Sci Sotradic', 'Carat Akwa (Résidence)', 'Douala', 'Meuble', 'Studio', '602'),
(71, 'Sci Sotradic', 'Carat Akwa (Résidence)', 'Douala', 'Meuble', 'Studio', '603'),
(72, 'Sci Sotradic', 'Carat Akwa (Résidence)', 'Douala', 'Meuble', 'Studio', '606'),
(73, 'Sci Sotradic', 'Carat Akwa (Résidence)', 'Douala', 'Meuble', 'Studio', '607'),
(74, 'Sci Sotradic', 'Carat Akwa (Résidence)', 'Douala', 'Meuble', 'Studio', '702'),
(75, 'Sci Sotradic', 'Carat Akwa (Résidence)', 'Douala', 'Meuble', 'Studio', '703'),
(76, 'Sci Sotradic', 'Carat Akwa (Résidence)', 'Douala', 'Meuble', 'Studio', '706'),
(77, 'Sci Sotradic', 'Carat Akwa (Résidence)', 'Douala', 'Meuble', 'Studio', '707'),
(78, 'Sci Sotradic', 'Carat Akwa (Résidence)', 'Douala', 'Non-Meuble', 'Studio', '802'),
(79, 'Sci Sotradic', 'Carat Akwa (Résidence)', 'Douala', 'Meuble', 'Studio', '803'),
(80, 'Sci Sotradic', 'Carat Akwa (Résidence)', 'Douala', 'Meuble', 'Studio', '806'),
(81, 'Sci Sotradic', 'Carat Akwa (Résidence)', 'Douala', 'Meuble', 'Studio', '807'),
(82, 'Sci Sotradic', 'Carat Akwa (Résidence)', 'Douala', 'Non-Meuble', 'Studio', '902'),
(83, 'Sci Sotradic', 'Carat Akwa (Résidence)', 'Douala', 'Non-Meuble', 'Studio', '903'),
(84, 'Sci Sotradic', 'Carat Akwa (Résidence)', 'Douala', 'Meuble', 'Studio', '907'),
(85, 'Sci Sotradic', 'Carat Akwa (Résidence)', 'Douala', 'Non-Meuble', 'Studio', '1001'),
(86, 'Sci Sotradic', 'Carat Akwa (Résidence)', 'Douala', 'Non-Meuble', 'Appart 2Ch', '401'),
(87, 'Sci Sotradic', 'Carat Akwa (Résidence)', 'Douala', 'Meuble', 'Appart 2Ch', '404'),
(88, 'Sci Sotradic', 'Carat Akwa (Résidence)', 'Douala', 'Non-Meuble', 'Appart 2Ch', '405'),
(89, 'Sci Sotradic', 'Carat Akwa (Résidence)', 'Douala', 'Non-Meuble', 'Appart 2Ch', '408'),
(90, 'Sci Sotradic', 'Carat Akwa (Résidence)', 'Douala', 'Non-Meuble', 'Appart 3Ch', '501'),
(91, 'Sci Sotradic', 'Carat Akwa (Résidence)', 'Douala', 'Non-Meuble', 'Appart 2Ch', '504'),
(92, 'Sci Sotradic', 'Carat Akwa (Résidence)', 'Douala', 'Meuble', 'Appart 2Ch', '505'),
(93, 'Sci Sotradic', 'Carat Akwa (Résidence)', 'Douala', 'Meuble', 'Appart 2Ch', '508'),
(94, 'Sci Sotradic', 'Carat Akwa (Résidence)', 'Douala', 'Non-Meuble', 'Appart 2Ch', '601'),
(95, 'Sci Sotradic', 'Carat Akwa (Résidence)', 'Douala', 'Non-Meuble', 'Appart 2Ch', '604'),
(96, 'Sci Sotradic', 'Carat Akwa (Résidence)', 'Douala', 'Non-Meuble', 'Appart 2Ch', '605'),
(97, 'Sci Sotradic', 'Carat Akwa (Résidence)', 'Douala', 'Non-Meuble', 'Appart 2Ch', '608'),
(98, 'Sci Sotradic', 'Carat Akwa (Résidence)', 'Douala', 'Non-Meuble', 'Appart 2Ch', '701'),
(99, 'Sci Sotradic', 'Carat Akwa (Résidence)', 'Douala', 'Non-Meuble', 'Appart 2Ch', '704'),
(100, 'Sci Sotradic', 'Carat Akwa (Résidence)', 'Douala', 'Meuble', 'Appart 2Ch', '704'),
(101, 'Sci Sotradic', 'Carat Akwa (Résidence)', 'Douala', 'Meuble', 'Appart 2Ch', '705'),
(102, 'Sci Sotradic', 'Carat Akwa (Résidence)', 'Douala', 'Non-Meuble', 'Appart 2 Ch', '708'),
(103, 'Sci Sotradic', 'Carat Akwa (Résidence)', 'Douala', 'Non-Meuble', 'Appart 2Ch', '801'),
(104, 'Sci Sotradic', 'Carat Akwa (Résidence)', 'Douala', 'Non-Meuble', 'Appart 2 Ch', '804'),
(105, 'Sci Sotradic', 'Carat Akwa (Résidence)', 'Douala', 'Meuble', 'Appart 2Ch', '804'),
(106, 'Sci Sotradic', 'Carat Akwa (Résidence)', 'Douala', 'Non-Meuble', 'Appart 2 Ch', '805'),
(107, 'Sci Sotradic', 'Carat Akwa (Résidence)', 'Douala', 'Non-Meuble', 'Appart', '808'),
(108, 'Sci Sotradic', 'Carat Akwa (Résidence)', 'Douala', 'Non-Meuble', 'Appart 2C', '901'),
(109, 'Sci Sotradic', 'Carat Akwa (Résidence)', 'Douala', 'Non-Meuble', 'Appart 2Ch', '904'),
(110, 'Sci Sotradic', 'Carat Akwa (Résidence)', 'Douala', 'Non-Meuble', 'Appart 2Ch', '905'),
(111, 'Sci Sotradic', 'Carat Akwa (Résidence)', 'Douala', 'Non-Meuble', 'Appart 3Ch', '906'),
(112, 'Sci Sotradic', 'Carat Akwa (Résidence)', 'Douala', 'Non-Meuble', 'Appart 2Ch', '908'),
(113, 'Sci Sotradic', 'Carat Akwa (Résidence)', 'Douala', 'Non-Meuble', 'Bureau', 'BUR'),
(114, 'Sci Sotradic', 'Carat De Gaulle (Résidence)', 'Douala', 'Meuble', 'Stu', '104'),
(115, 'Sci Sotradic', 'Carat De Gaulle (Résidence)', 'Douala', 'Meuble', 'Stu', '304'),
(116, 'Sci Sotradic', 'Carat De Gaulle (Résidence)', 'Douala', 'Meuble', 'Stu', '404'),
(117, 'Sci Sotradic', 'Carat De Gaulle (Résidence)', 'Douala', 'Meuble', 'Stu', '504'),
(118, 'Sci Sotradic', 'Carat De Gaulle (Résidence)', 'Douala', 'Meuble', 'Stu', '604'),
(119, 'Sci Sotradic', 'Carat De Gaulle (Résidence)', 'Douala', 'Non-Meuble', 'Studio', '704'),
(120, 'Sci Sotradic', 'Carat De Gaulle (Résidence)', 'Douala', 'Non-Meuble', 'Studio', '804'),
(121, 'Sci Sotradic', 'Carat De Gaulle (Résidence)', 'Douala', 'Meuble', 'Stu', '904'),
(122, 'Sci Sotradic', 'Carat De Gaulle (Résidence)', 'Douala', 'Meuble', 'Stu', '1004'),
(123, 'Sci Sotradic', 'Carat De Gaulle (Résidence)', 'Douala', 'Non-Meuble', 'Studio', '1104'),
(124, 'Sci Sotradic', 'Carat De Gaulle (Résidence)', 'Douala', 'Meuble', 'Stu', '1204'),
(125, 'Sci Sotradic', 'Carat De Gaulle (Résidence)', 'Douala', 'Non-Meuble', 'Studio', '1304'),
(126, 'Sci Sotradic', 'Carat De Gaulle (Résidence)', 'Douala', 'Meuble', 'Stu', '1404'),
(127, 'Sci Sotradic', 'Carat De Gaulle (Résidence)', 'Douala', 'Non-Meuble', 'Appart 2Ch', '101'),
(128, 'Sci Sotradic', 'Carat De Gaulle (Résidence)', 'Douala', 'Non-Meuble', 'Appart 2Ch', '102'),
(129, 'Sci Sotradic', 'Carat De Gaulle (Résidence)', 'Douala', 'Meuble', '3Ch', '103'),
(130, 'Sci Sotradic', 'Carat De Gaulle (Résidence)', 'Douala', 'Meuble', '3Ch', '105'),
(131, 'Sci Sotradic', 'Carat De Gaulle (Résidence)', 'Douala', 'Non-Meuble', 'Appart 3Ch', '201'),
(132, 'Sci Sotradic', 'Carat De Gaulle (Résidence)', 'Douala', 'Non-Meuble', 'Appart 3Ch', '202'),
(133, 'Sci Sotradic', 'Carat De Gaulle (Résidence)', 'Douala', 'Non-Meuble', 'Appart 2Ch', '203'),
(134, 'Sci Sotradic', 'Carat De Gaulle (Résidence)', 'Douala', 'Non-Meuble', 'Appart 2Ch', '204'),
(135, 'Sci Sotradic', 'Carat De Gaulle (Résidence)', 'Douala', 'Non-Meuble', 'Appart 3Ch', '205'),
(136, 'Sci Sotradic', 'Carat De Gaulle (Résidence)', 'Douala', 'Non-Meuble', 'Appart 3Ch', '301'),
(137, 'Sci Sotradic', 'Carat De Gaulle (Résidence)', 'Douala', 'Non-Meuble', 'Appart 3Ch', '302'),
(138, 'Sci Sotradic', 'Carat De Gaulle (Résidence)', 'Douala', 'Non-Meuble', 'Appart 3Ch', '303'),
(139, 'Sci Sotradic', 'Carat De Gaulle (Résidence)', 'Douala', 'Non-Meuble', 'Appart 3Ch', '305'),
(140, 'Sci Sotradic', 'Carat De Gaulle (Résidence)', 'Douala', 'Meuble', '3Ch', '401'),
(141, 'Sci Sotradic', 'Carat De Gaulle (Résidence)', 'Douala', 'Meuble', '3Ch', '402'),
(142, 'Sci Sotradic', 'Carat De Gaulle (Résidence)', 'Douala', 'Non-Meuble', 'Appart 2Ch', '403'),
(143, 'Sci Sotradic', 'Carat De Gaulle (Résidence)', 'Douala', 'Meuble', '3Ch', '405'),
(144, 'Sci Sotradic', 'Carat De Gaulle (Résidence)', 'Douala', 'Non-Meuble', 'Appart 2Ch', '501'),
(145, 'Sci Sotradic', 'Carat De Gaulle (Résidence)', 'Douala', 'Non-Meuble', 'Appart 3Ch', '502'),
(146, 'Sci Sotradic', 'Carat De Gaulle (Résidence)', 'Douala', 'Non-Meuble', 'Appart 3Ch', '503'),
(147, 'Sci Sotradic', 'Carat De Gaulle (Résidence)', 'Douala', 'Meuble', '3Ch', '505'),
(148, 'Sci Sotradic', 'Carat De Gaulle (Résidence)', 'Douala', 'Non-Meuble', 'Appart 3Ch', '601'),
(149, 'Sci Sotradic', 'Carat De Gaulle (Résidence)', 'Douala', 'Non-Meuble', 'Appart 3Ch', '602'),
(150, 'Sci Sotradic', 'Carat De Gaulle (Résidence)', 'Douala', 'Non-Meuble', 'Appart 3Ch', '603'),
(151, 'Sci Sotradic', 'Carat De Gaulle (Résidence)', 'Douala', 'Non-Meuble', 'Appart 3Ch', '605'),
(152, 'Sci Sotradic', 'Carat De Gaulle (Résidence)', 'Douala', 'Non-Meuble', 'Appart 3Ch', '701'),
(153, 'Sci Sotradic', 'Carat De Gaulle (Résidence)', 'Douala', 'Non-Meuble', 'Appart 3Ch', '702'),
(154, 'Sci Sotradic', 'Carat De Gaulle (Résidence)', 'Douala', 'Non-Meuble', 'Appart 3Ch', '703'),
(155, 'Sci Sotradic', 'Carat De Gaulle (Résidence)', 'Douala', 'Non-Meuble', 'Appart 3Ch', '705'),
(156, 'Sci Sotradic', 'Carat De Gaulle (Résidence)', 'Douala', 'Non-Meuble', 'Appart 3Ch', '801'),
(157, 'Sci Sotradic', 'Carat De Gaulle (Résidence)', 'Douala', 'Non-Meuble', 'Appart 3Ch', '802'),
(158, 'Sci Sotradic', 'Carat De Gaulle (Résidence)', 'Douala', 'Non-Meuble', 'Appart 3Ch', '803'),
(159, 'Sci Sotradic', 'Carat De Gaulle (Résidence)', 'Douala', 'Non-Meuble', 'Appart 3Ch', '805'),
(160, 'Sci Sotradic', 'Carat De Gaulle (Résidence)', 'Douala', 'Non-Meuble', 'Appart 3Ch', '901'),
(161, 'Sci Sotradic', 'Carat De Gaulle (Résidence)', 'Douala', 'Meuble', '3Ch', '902'),
(162, 'Sci Sotradic', 'Carat De Gaulle (Résidence)', 'Douala', 'Non-Meuble', 'Appart 3Ch', '903'),
(163, 'Sci Sotradic', 'Carat De Gaulle (Résidence)', 'Douala', 'Non-Meuble', 'Appart 3Ch', '905'),
(164, 'Sci Sotradic', 'Carat De Gaulle (Résidence)', 'Douala', 'Meuble', '3Ch', '1001'),
(165, 'Sci Sotradic', 'Carat De Gaulle (Résidence)', 'Douala', 'Non-Meuble', 'Appart 3Ch', '1002'),
(166, 'Sci Sotradic', 'Carat De Gaulle (Résidence)', 'Douala', 'Meuble', '3Ch', '1003'),
(167, 'Sci Sotradic', 'Carat De Gaulle (Résidence)', 'Douala', 'Meuble', '3Ch', '1005'),
(168, 'Sci Sotradic', 'Carat De Gaulle (Résidence)', 'Douala', 'Non-Meuble', 'Appart 3Ch', '1101'),
(169, 'Sci Sotradic', 'Carat De Gaulle (Résidence)', 'Douala', 'Non-Meuble', 'Appart 3Ch', '1102'),
(170, 'Sci Sotradic', 'Carat De Gaulle (Résidence)', 'Douala', 'Non-Meuble', 'Appart 3Ch/Demeuble', '1103'),
(171, 'Sci Sotradic', 'Carat De Gaulle (Résidence)', 'Douala', 'Non-Meuble', 'Appart 3Ch/Demeuble', '1105'),
(172, 'Sci Sotradic', 'Carat De Gaulle (Résidence)', 'Douala', 'Non-Meuble', 'Appart 3Ch', '1201'),
(173, 'Sci Sotradic', 'Carat De Gaulle (Résidence)', 'Douala', 'Non-Meuble', 'Appart 3Ch', '1202'),
(174, 'Sci Sotradic', 'Carat De Gaulle (Résidence)', 'Douala', 'Meuble', '3Ch', '1203'),
(175, 'Sci Sotradic', 'Carat De Gaulle (Résidence)', 'Douala', 'Meuble', '3Ch', '1205'),
(176, 'Sci Sotradic', 'Carat De Gaulle (Résidence)', 'Douala', 'Meuble', '3Ch', '1301'),
(177, 'Sci Sotradic', 'Carat De Gaulle (Résidence)', 'Douala', 'Meuble', '3Ch', '1302'),
(178, 'Sci Sotradic', 'Carat De Gaulle (Résidence)', 'Douala', 'Meuble', '3Ch', '1303'),
(179, 'Sci Sotradic', 'Carat De Gaulle (Résidence)', 'Douala', 'Meuble', '3Ch', '1305'),
(180, 'Sci Sotradic', 'Carat De Gaulle (Résidence)', 'Douala', 'Meuble', '3Ch', '1401'),
(181, 'Sci Sotradic', 'Carat De Gaulle (Résidence)', 'Douala', 'Meuble', '3Ch', '1402'),
(182, 'Sci Sotradic', 'Carat De Gaulle (Résidence)', 'Douala', 'Meuble', '3Ch', '1403'),
(183, 'Sci Sotradic', 'Carat De Gaulle (Résidence)', 'Douala', 'Meuble', '3Ch', '1405'),
(184, 'Sci Sotradic', 'Carat De Gaulle (Résidence)', 'Douala', 'Meuble', '3Ch', '1501'),
(185, 'Sci Sotradic', 'Carat De Gaulle (Résidence)', 'Douala', 'Non-Meuble', 'Appart 3Ch', '1502'),
(186, 'Sci Sotradic', 'Carat De Gaulle (Résidence)', 'Douala', 'Meuble', '3Ch', '1503'),
(187, 'Sorepco', 'Carat Silverline (Résidence)', 'Douala', 'Non-Meuble', 'Appart 3Ch', '011'),
(188, 'Sorepco', 'Carat Silverline (Résidence)', 'Douala', 'Non-Meuble', 'Appart 3Ch', '012'),
(189, 'Sorepco', 'Carat Silverline (Résidence)', 'Douala', 'Non-Meuble', 'Appart 3Ch', '101'),
(190, 'Sorepco', 'Carat Silverline (Résidence)', 'Douala', 'Non-Meuble', 'Appart 3Ch', '102'),
(191, 'Sorepco', 'Carat Silverline (Résidence)', 'Douala', 'Non-Meuble', 'Appart 3Ch', '201'),
(192, 'Sorepco', 'Carat Silverline (Résidence)', 'Douala', 'Non-Meuble', 'Appart 3Ch', '202'),
(193, 'Sorepco', 'Carat Silverline (Résidence)', 'Douala', 'Non-Meuble', 'Appart 3Ch', '301'),
(194, 'Sorepco', 'Carat Silverline (Résidence)', 'Douala', 'Non-Meuble', 'Appart 3Ch', '302'),
(195, 'Sorepco', 'Carat Silverline (Résidence)', 'Douala', 'Non-Meuble', 'Appart 3Ch', '401'),
(196, 'Sorepco', 'Carat Silverline (Résidence)', 'Douala', 'Non-Meuble', 'Appart 3Ch', '402'),
(197, 'Sorepco', 'Carat Silverline (Résidence)', 'Douala', 'Non-Meuble', 'Appart 3Ch', '501'),
(198, 'Sorepco', 'Carat Silverline (Résidence)', 'Douala', 'Non-Meuble', 'Appart 3Ch', '502'),
(199, 'Sorepco', 'Carat Silverline (Résidence)', 'Douala', 'Non-Meuble', 'Appart  3Chs', '601'),
(200, 'Sorepco', 'Carat Silverline (Résidence)', 'Douala', 'Non-Meuble', 'Appart 012', '602'),
(201, 'Sci Emergence', 'Carrefour Arno (Boutique)', 'Douala', 'Non-Meuble', 'Bureau', ''),
(202, 'Sci Emergence', 'Carrefour Arno (Boutique)', 'Douala', '', 'Boutique', ''),
(203, 'Sci Emergence', 'Carrefour Arno (Boutique)', 'Douala', '', 'Boutique', ''),
(204, 'CMIC', 'Coplast (Sincatex)', 'Douala', '', 'Magasin', ''),
(205, 'Sorepco', 'Coron (Immeuble)', 'Yaoundé', 'Non-Meuble', 'Studio 1', 'ST01'),
(206, 'Sorepco', 'Coron (Immeuble)', 'Yaoundé', 'Non-Meuble', 'Studio  2', 'ST02'),
(207, 'Sorepco', 'Coron (Immeuble)', 'Yaoundé', 'Non-Meuble', 'Appartement', 'APPARTP'),
(208, 'Sorepco', 'Coron (Immeuble)', 'Yaoundé', 'Non-Meuble', 'Appartment 03 Ch', 'APPRT'),
(209, 'Sorepco', 'Coron (Immeuble)', 'Yaoundé', '', 'Boutique + Bureau', 'BUREAU'),
(210, 'Sci Sotradic', 'Djeleng 2 (Centre Commercial)', 'Bafoussam', 'Non-Meuble', 'Bureau', 'BTQ01'),
(211, 'Sci Sotradic', 'Djeleng 2 (Centre Commercial)', 'Bafoussam', 'Non-Meuble', 'Bureau', 'BTQ12'),
(212, 'Sci Sotradic', 'Djeleng 2 (Centre Commercial)', 'Bafoussam', 'Non-Meuble', 'Bureau', 'ESPACE '),
(213, 'Sci Sotradic', 'Djeleng 2 (Centre Commercial)', 'Bafoussam', '', 'Boutique', 'BTQ02'),
(214, 'Sci Sotradic', 'Djeleng 2 (Centre Commercial)', 'Bafoussam', '', 'Boutique', 'BTQ03'),
(215, 'Sci Sotradic', 'Djeleng 2 (Centre Commercial)', 'Bafoussam', '', 'Boutique', 'BTQ04'),
(216, 'Sci Sotradic', 'Djeleng 2 (Centre Commercial)', 'Bafoussam', '', 'Boutique', 'BTQ05'),
(217, 'Sci Sotradic', 'Djeleng 2 (Centre Commercial)', 'Bafoussam', '', 'Boutique', 'BTQ06'),
(218, 'Sci Sotradic', 'Djeleng 2 (Centre Commercial)', 'Bafoussam', '', 'Boutique', 'BTQ07'),
(219, 'Sci Sotradic', 'Djeleng 2 (Centre Commercial)', 'Bafoussam', '', 'Boutique', 'BTQ08'),
(220, 'Sci Sotradic', 'Djeleng 2 (Centre Commercial)', 'Bafoussam', '', 'Boutique', 'BTQ09'),
(221, 'Sci Sotradic', 'Djeleng 2 (Centre Commercial)', 'Bafoussam', '', 'Espace Commercial', 'BTQ10'),
(222, 'Sci Sotradic', 'Djeleng 2 (Centre Commercial)', 'Bafoussam', '', 'Espace Commercial', 'BTQ11'),
(223, 'Sci Sotradic', 'Djeleng 2 (Centre Commercial)', 'Bafoussam', '', 'Espace Commercial', ''),
(224, 'Sci Sotradic', 'Djeleng 2 (Centre Commercial)', 'Bafoussam', '', 'Boutique', 'BTQ13'),
(225, 'Sci Sotradic', 'Djeleng 2 (Centre Commercial)', 'Bafoussam', '', 'Boutiques (Esp Vides)', 'BTQSS'),
(226, 'Sci Sotradic', 'Djeleng 2 (Centre Commercial)', 'Bafoussam', '', 'Restaurant', 'ESPACE '),
(227, 'Sci Sotradic', 'Djeleng 2 (Centre Commercial)', 'Bafoussam', '', 'Boutique', ''),
(228, 'Sci Sotradic', 'Djeleng 2 (Centre Commercial)', 'Bafoussam', '', 'Magasin', 'MAG01'),
(229, 'Sorepco', 'Djeleng 2 (Immeuble Sorepco)', 'Bafoussam', 'Non-Meuble', 'Chambre+B3B3:B28', 'AP2B'),
(230, 'Sorepco', 'Djeleng 2 (Immeuble Sorepco)', 'Bafoussam', 'Non-Meuble', 'Chambre', 'AP3B'),
(231, 'Sorepco', 'Djeleng 2 (Immeuble Sorepco)', 'Bafoussam', 'Non-Meuble', 'Chambre', 'AP4B'),
(232, 'Sorepco', 'Djeleng 2 (Immeuble Sorepco)', 'Bafoussam', 'Non-Meuble', 'Chambre', 'AP5B'),
(233, 'Sorepco', 'Djeleng 2 (Immeuble Sorepco)', 'Bafoussam', 'Non-Meuble', 'Appartement', 'AP1C1'),
(234, 'Sorepco', 'Djeleng 2 (Immeuble Sorepco)', 'Bafoussam', 'Non-Meuble', 'Appartement 03 Ch', 'AP2A'),
(235, 'Sorepco', 'Djeleng 2 (Immeuble Sorepco)', 'Bafoussam', 'Non-Meuble', 'Appartement 02 Ch', 'AP2C1'),
(236, 'Sorepco', 'Djeleng 2 (Immeuble Sorepco)', 'Bafoussam', 'Non-Meuble', 'Appartement 02 Ch', 'AP2C2'),
(237, 'Sorepco', 'Djeleng 2 (Immeuble Sorepco)', 'Bafoussam', 'Non-Meuble', 'Appartement 03 Ch', 'AP3A'),
(238, 'Sorepco', 'Djeleng 2 (Immeuble Sorepco)', 'Bafoussam', 'Non-Meuble', 'Appartement 03 Ch', 'AP3C'),
(239, 'Sorepco', 'Djeleng 2 (Immeuble Sorepco)', 'Bafoussam', 'Non-Meuble', 'Appartement 02 Ch', 'AP3C1'),
(240, 'Sorepco', 'Djeleng 2 (Immeuble Sorepco)', 'Bafoussam', 'Non-Meuble', 'Appartement 02 Ch', 'AP3C2'),
(241, 'Sorepco', 'Djeleng 2 (Immeuble Sorepco)', 'Bafoussam', 'Non-Meuble', 'Appartement 03 Ch', 'AP4A'),
(242, 'Sorepco', 'Djeleng 2 (Immeuble Sorepco)', 'Bafoussam', 'Non-Meuble', 'Appartement 02 Ch', 'AP4C1'),
(243, 'Sorepco', 'Djeleng 2 (Immeuble Sorepco)', 'Bafoussam', 'Non-Meuble', 'Appartement 03 Ch', 'AP5A'),
(244, 'Sorepco', 'Djeleng 2 (Immeuble Sorepco)', 'Bafoussam', 'Non-Meuble', 'Appartement 02 Ch', 'AP5C2'),
(245, 'Sorepco', 'Djeleng 2 (Immeuble Sorepco)', 'Bafoussam', 'Non-Meuble', 'Bureau', 'AP1C2'),
(246, 'Mr Djemmo Lucas', 'Djeleng 2 (Villa Pca)', 'Bafoussam', '', 'Villa 03 Ch', 'VILLA01'),
(247, 'Sci Sotradic', 'Ekounou (Bureaux Anor)', 'Yaoundé', '', 'Ensemble Immobilier', ''),
(248, 'Sorepco', 'Kye-Ossi (Immeuble)', 'Kye-Ossi', 'Non-Meuble', 'Chambre', '1'),
(249, 'Sorepco', 'Kye-Ossi (Immeuble)', 'Kye-Ossi', 'Non-Meuble', 'Chambre', '2'),
(250, 'Sorepco', 'Kye-Ossi (Immeuble)', 'Kye-Ossi', 'Non-Meuble', 'Chambre', '3'),
(251, 'Sorepco', 'Kye-Ossi (Immeuble)', 'Kye-Ossi', 'Non-Meuble', 'Appart ', 'APP'),
(252, 'Sorepco', 'Kye-Ossi (Immeuble)', 'Kye-Ossi', '', 'Boutique', '4'),
(253, 'Sorepco', 'Kye-Ossi (Immeuble)', 'Kye-Ossi', '', 'Magasin', '5'),
(254, 'Sci Sotradic', 'Marie Gocker (10000/M²)', 'Yaoundé', '', 'Espace Commercial', 'A1'),
(255, 'Sci Sotradic', 'Marie Gocker (10000/M²)', 'Yaoundé', '', 'Espace Commercial', 'A8'),
(256, 'Sci Sotradic', 'Marie Gocker (10000/M²)', 'Yaoundé', '', 'Espace Commercial', 'B5'),
(257, 'Sci Sotradic', 'Marie Gocker (10000/M²)', 'Yaoundé', '', 'Espace Commercial', 'B6'),
(258, 'Sci Sotradic', 'Marie Gocker (10000/M²)', 'Yaoundé', '', 'Espace Commercial', 'C1'),
(259, 'Sci Sotradic', 'Marie Gocker (10000/M²)', 'Yaoundé', '', 'Espace Commercial', 'C2'),
(260, 'Sci Sotradic', 'Marie Gocker (10000/M²)', 'Yaoundé', '', 'Espace Commercial', 'C3'),
(261, 'Sci Sotradic', 'Marie Gocker (10000/M²)', 'Yaoundé', '', 'Espace Commercial', 'C4'),
(262, 'Sci Sotradic', 'Marie Gocker (10000/M²)', 'Yaoundé', '', 'Espace Commercial', 'C5'),
(263, 'Sci Sotradic', 'Marie Gocker (10000/M²)', 'Yaoundé', '', 'Espace Commercial', 'C6'),
(264, 'Sci Sotradic', 'Marie Gocker (10000/M²)', 'Yaoundé', '', 'Espace Commercial', 'C7'),
(265, 'Sci Sotradic', 'Marie Gocker (10000/M²)', 'Yaoundé', '', 'Espace Commercial', 'C8'),
(266, 'Sci Sotradic', 'Marie Gocker (10000/M²)', 'Yaoundé', '', 'Espace Commercial', 'D1'),
(267, 'Sci Sotradic', 'Marie Gocker (10000/M²)', 'Yaoundé', '', 'Espace Commercial', 'D2'),
(268, 'Sci Sotradic', 'Marie Gocker (10000/M²)', 'Yaoundé', '', 'Espace Commercial', 'D3'),
(269, 'Sci Sotradic', 'Marie Gocker (10000/M²)', 'Yaoundé', '', 'Espace Commercial', 'D4'),
(270, 'Sci Sotradic', 'Marie Gocker (10000/M²)', 'Yaoundé', '', 'Espace Commercial', 'D5'),
(271, 'Sci Sotradic', 'Marie Gocker (10000/M²)', 'Yaoundé', '', 'Espace Commercial', 'D6'),
(272, 'Sci Sotradic', 'Marie Gocker (10000/M²)', 'Yaoundé', '', 'Espace Commercial', 'D7'),
(273, 'Sci Sotradic', 'Marie Gocker (10000/M²)', 'Yaoundé', '', 'Espace Commercial', 'D8'),
(274, 'Sci Sotradic', 'Marie Gocker (10000/M²)', 'Yaoundé', '', 'Espace Commercial', 'H1'),
(275, 'Sci Sotradic', 'Marie Gocker (10000/M²)', 'Yaoundé', '', 'Espace Commercial', 'H2'),
(276, 'Sci Sotradic', 'Marie Gocker (10000/M²)', 'Yaoundé', '', 'Espace Commercial', 'H3'),
(277, 'Sci Sotradic', 'Marie Gocker (10000/M²)', 'Yaoundé', '', 'Espace Commercial', 'H4'),
(278, 'Sci Sotradic', 'Marie Gocker (10000/M²)', 'Yaoundé', '', 'Espace Commercial', 'H5'),
(279, 'Sci Sotradic', 'Marie Gocker (10000/M²)', 'Yaoundé', '', 'Espace Commercial', 'H6'),
(280, 'Sci Sotradic', 'Marie Gocker (10000/M²)', 'Yaoundé', '', 'Espace Commercial', 'H7'),
(281, 'Sci Sotradic', 'Marie Gocker (10000/M²)', 'Yaoundé', '', 'Espace Commercial', 'I1'),
(282, 'Sci Sotradic', 'Marie Gocker (10000/M²)', 'Yaoundé', '', 'Espace Commercial', 'I2'),
(283, 'Sci Sotradic', 'Marie Gocker (10000/M²)', 'Yaoundé', '', 'Espace Commercial', 'I3'),
(284, 'Sci Sotradic', 'Marie Gocker (10000/M²)', 'Yaoundé', '', 'Espace Commercial', 'I4'),
(285, 'Sci Sotradic', 'Marie Gocker (10000/M²)', 'Yaoundé', '', 'Espace Commercial', 'I5'),
(286, 'Sci Sotradic', 'Marie Gocker (10000/M²)', 'Yaoundé', '', 'Espace Commercial', 'I6'),
(287, 'Sci Sotradic', 'Marie Gocker (10000/M²)', 'Yaoundé', '', 'Espace Commercial', 'I7'),
(288, 'Sci Sotradic', 'Marie Gocker (10000/M²)', 'Yaoundé', '', 'Espace Commercial', 'I8'),
(289, 'Sci Sotradic', 'Marie Gocker (10000/M²)', 'Yaoundé', '', 'Espace Commercial', 'J1'),
(290, 'Sci Sotradic', 'Marie Gocker (10000/M²)', 'Yaoundé', '', 'Espace Commercial', 'J2'),
(291, 'Sci Sotradic', 'Marie Gocker (10000/M²)', 'Yaoundé', '', 'Espace Commercial', 'J3'),
(292, 'Sci Sotradic', 'Marie Gocker (10000/M²)', 'Yaoundé', '', 'Espace Commercial', 'J4'),
(293, 'Sci Sotradic', 'Marie Gocker (10000/M²)', 'Yaoundé', '', 'Espace Commercial', 'J5'),
(294, 'Sci Sotradic', 'Marie Gocker (10000/M²)', 'Yaoundé', '', 'Espace Commercial', 'J6'),
(295, 'Sci Sotradic', 'Marie Gocker (10000/M²)', 'Yaoundé', '', 'Espace Commercial', 'J7'),
(296, 'Sci Sotradic', 'Marie Gocker (13000/M²)', 'Yaoundé', '', 'Espace Commercial', 'A4'),
(297, 'Sci Sotradic', 'Marie Gocker (13000/M²)', 'Yaoundé', '', 'Espace Commercial', 'B1'),
(298, 'Sci Sotradic', 'Marie Gocker (13000/M²)', 'Yaoundé', '', 'Espace Commercial', 'B2'),
(299, 'Sci Sotradic', 'Marie Gocker (13000/M²)', 'Yaoundé', '', 'Espace Commercial', 'B3'),
(300, 'Sci Sotradic', 'Marie Gocker (13000/M²)', 'Yaoundé', '', 'Espace Commercial', 'B4'),
(301, 'Sci Sotradic', 'Marie Gocker (13000/M²)', 'Yaoundé', '', 'Espace Commercial', 'G1'),
(302, 'Sci Sotradic', 'Marie Gocker (13000/M²)', 'Yaoundé', '', 'Espace Commercial', 'G2'),
(303, 'Sci Sotradic', 'Marie Gocker (13000/M²)', 'Yaoundé', '', 'Espace Commercial', 'G3'),
(304, 'Sci Sotradic', 'Marie Gocker (13000/M²)', 'Yaoundé', '', 'Espace Commercial', 'G4'),
(305, 'Sci Sotradic', 'Marie Gocker (13000/M²)', 'Yaoundé', '', 'Espace Commercial', 'G5'),
(306, 'Sci Sotradic', 'Marie Gocker (13000/M²)', 'Yaoundé', '', 'Espace Commercial', 'G6'),
(307, 'Sci Sotradic', 'Marie Gocker (13000/M²)', 'Yaoundé', '', 'Espace Commercial', 'G7'),
(308, 'Sci Sotradic', 'Marie Gocker (13000/M²)', 'Yaoundé', '', 'Espace Commercial', 'G8'),
(309, 'Sci Sotradic', 'Marie Gocker (13000/M²)', 'Yaoundé', '', 'Espace Commercial', 'G9'),
(310, 'Sci Sotradic', 'Marie Gocker (13000/M²)', 'Yaoundé', '', 'Espace Commercial', 'G10'),
(311, 'Sci Sotradic', 'Marie Gocker (15000/M²)', 'Yaoundé', '', 'Espace Commercial', 'A2'),
(312, 'Sci Sotradic', 'Marie Gocker (15000/M²)', 'Yaoundé', '', 'Espace Commercial', 'A3'),
(313, 'Sci Sotradic', 'Marie Gocker (15000/M²)', 'Yaoundé', '', 'Espace Commercial', 'A5'),
(314, 'Sci Sotradic', 'Marie Gocker (15000/M²)', 'Yaoundé', '', 'Espace Commercial', 'A6'),
(315, 'Sci Sotradic', 'Marie Gocker (15000/M²)', 'Yaoundé', '', 'Espace Commercial', 'A7'),
(316, 'Sci Sotradic', 'Marie Gocker (8000/M²)', 'Yaoundé', '', 'Espace Commercial', 'E1'),
(317, 'Sci Sotradic', 'Marie Gocker (8000/M²)', 'Yaoundé', '', 'Espace Commercial', 'E2'),
(318, 'Sci Sotradic', 'Marie Gocker (8000/M²)', 'Yaoundé', '', 'Espace Commercial', 'E3'),
(319, 'Sci Sotradic', 'Marie Gocker (8000/M²)', 'Yaoundé', '', 'Espace Commercial', 'E4'),
(320, 'Sci Sotradic', 'Marie Gocker (8000/M²)', 'Yaoundé', '', 'Espace Commercial', 'F1'),
(321, 'Sci Sotradic', 'Marie Gocker (8000/M²)', 'Yaoundé', '', 'Espace Commercial', 'F2'),
(322, 'Sci Sotradic', 'Marie Gocker (8000/M²)', 'Yaoundé', '', 'Espace Commercial', 'F3'),
(323, 'Sci Sotradic', 'Marie Gocker (8000/M²)', 'Yaoundé', '', 'Espace Commercial', 'F4'),
(324, 'Sci Sotradic', 'Marie Gocker (8000/M²)', 'Yaoundé', '', 'Espace Commercial', 'K1'),
(325, 'Sci Sotradic', 'Marie Gocker (8000/M²)', 'Yaoundé', '', 'Espace Commercial', 'K2'),
(326, 'Sci Sotradic', 'Marie Gocker (8000/M²)', 'Yaoundé', '', 'Espace Commercial', 'K3'),
(327, 'Sci Sotradic', 'Marie Gocker (8000/M²)', 'Yaoundé', '', 'Espace Commercial', 'K4'),
(328, 'Sci Sotradic', 'Marie Gocker (8000/M²)', 'Yaoundé', '', 'Espace Commercial', 'L1'),
(329, 'Sci Sotradic', 'Marie Gocker (8000/M²)', 'Yaoundé', '', 'Espace Commercial', 'L2'),
(330, 'Sci Sotradic', 'Marie Gocker (8000/M²)', 'Yaoundé', '', 'Espace Commercial', 'L3'),
(331, 'Sci Sotradic', 'Marie Gocker (8000/M²)', 'Yaoundé', '', 'Espace Commercial', 'L4'),
(332, 'Sci Emergence', 'Mboppi Emergence ', 'Douala', 'Non-Meuble', 'Studio', 'M2'),
(333, 'Sci Emergence', 'Mboppi Emergence ', 'Douala', 'Non-Meuble', 'Studio', 'M3'),
(334, 'Sci Emergence', 'Mboppi Emergence ', 'Douala', 'Non-Meuble', 'Studio', 'M7'),
(335, 'Sci Emergence', 'Mboppi Emergence ', 'Douala', 'Non-Meuble', 'Appart 2Ch', ''),
(336, 'Sci Emergence', 'Mboppi Emergence ', 'Douala', 'Non-Meuble', 'Appart 2Ch', ''),
(337, 'Sci Emergence', 'Mboppi Emergence ', 'Douala', 'Non-Meuble', 'Appart 2Ch', 'M8'),
(338, 'Sci Emergence', 'Mboppi Emergence ', 'Douala', '', 'Magasin', 'M20A'),
(339, 'Sorepco', 'Mboppi Srpc (Immeuble)', 'Douala', 'Non-Meuble', 'Studio', 'M1'),
(340, 'Sorepco', 'Mboppi Srpc (Immeuble)', 'Douala', 'Non-Meuble', 'Studio', 'M4'),
(341, 'Sorepco', 'Mboppi Srpc (Immeuble)', 'Douala', 'Non-Meuble', 'Appart 03 Ch', 'M9'),
(342, 'Sorepco', 'Mboppi Srpc (Immeuble)', 'Douala', '', 'Magasin', ''),
(343, 'Sorepco', 'Mboppi Srpc (Immeuble)', 'Douala', '', 'Magasin', ''),
(344, 'Sorepco', 'Mokolo (Centre Commercial)', 'Yaoundé', 'Non-Meuble', 'Bureau', 'E33'),
(345, 'Sorepco', 'Mokolo (Centre Commercial)', 'Yaoundé', '', 'Cave', 'CAVE'),
(346, 'Sorepco', 'Mokolo (Centre Commercial)', 'Yaoundé', '', 'Boutique', 'E01'),
(347, 'Sorepco', 'Mokolo (Centre Commercial)', 'Yaoundé', '', 'Boutique', 'E02'),
(348, 'Sorepco', 'Mokolo (Centre Commercial)', 'Yaoundé', '', 'Boutique', 'E03'),
(349, 'Sorepco', 'Mokolo (Centre Commercial)', 'Yaoundé', '', 'Boutique', 'E04'),
(350, 'Sorepco', 'Mokolo (Centre Commercial)', 'Yaoundé', '', 'Boutique', 'E05'),
(351, 'Sorepco', 'Mokolo (Centre Commercial)', 'Yaoundé', '', 'Boutique', 'E06'),
(352, 'Sorepco', 'Mokolo (Centre Commercial)', 'Yaoundé', '', 'Boutique', 'E07'),
(353, 'Sorepco', 'Mokolo (Centre Commercial)', 'Yaoundé', '', 'Boutique', 'E08'),
(354, 'Sorepco', 'Mokolo (Centre Commercial)', 'Yaoundé', '', 'Boutique', 'E09'),
(355, 'Sorepco', 'Mokolo (Centre Commercial)', 'Yaoundé', '', 'Boutique', 'E10'),
(356, 'Sorepco', 'Mokolo (Centre Commercial)', 'Yaoundé', '', 'Boutique', 'E11'),
(357, 'Sorepco', 'Mokolo (Centre Commercial)', 'Yaoundé', '', 'Boutique', 'E12'),
(358, 'Sorepco', 'Mokolo (Centre Commercial)', 'Yaoundé', '', 'Boutique', 'E13'),
(359, 'Sorepco', 'Mokolo (Centre Commercial)', 'Yaoundé', '', 'Boutique', 'E14'),
(360, 'Sorepco', 'Mokolo (Centre Commercial)', 'Yaoundé', '', 'Boutique', 'E15'),
(361, 'Sorepco', 'Mokolo (Centre Commercial)', 'Yaoundé', '', 'Boutique', 'E16'),
(362, 'Sorepco', 'Mokolo (Centre Commercial)', 'Yaoundé', '', 'Boutique', 'E17'),
(363, 'Sorepco', 'Mokolo (Centre Commercial)', 'Yaoundé', '', 'Boutique', 'E18'),
(364, 'Sorepco', 'Mokolo (Centre Commercial)', 'Yaoundé', '', 'Boutique', 'E19'),
(365, 'Sorepco', 'Mokolo (Centre Commercial)', 'Yaoundé', '', 'Boutique', 'E20'),
(366, 'Sorepco', 'Mokolo (Centre Commercial)', 'Yaoundé', '', 'Boutique', 'E21'),
(367, 'Sorepco', 'Mokolo (Centre Commercial)', 'Yaoundé', '', 'Boutique', 'E22'),
(368, 'Sorepco', 'Mokolo (Centre Commercial)', 'Yaoundé', '', 'Boutique', 'E23'),
(369, 'Sorepco', 'Mokolo (Centre Commercial)', 'Yaoundé', '', 'Boutique', 'E24'),
(370, 'Sorepco', 'Mokolo (Centre Commercial)', 'Yaoundé', '', 'Boutique', 'E25'),
(371, 'Sorepco', 'Mokolo (Centre Commercial)', 'Yaoundé', '', 'Boutique', 'E26'),
(372, 'Sorepco', 'Mokolo (Centre Commercial)', 'Yaoundé', '', 'Boutique', 'E27'),
(373, 'Sorepco', 'Mokolo (Centre Commercial)', 'Yaoundé', '', 'Boutique', 'E28'),
(374, 'Sorepco', 'Mokolo (Centre Commercial)', 'Yaoundé', '', 'Boutique', 'E29'),
(375, 'Sorepco', 'Mokolo (Centre Commercial)', 'Yaoundé', '', 'Boutique', 'E30'),
(376, 'Sorepco', 'Mokolo (Centre Commercial)', 'Yaoundé', '', 'Boutique', 'E31'),
(377, 'Sorepco', 'Mokolo (Centre Commercial)', 'Yaoundé', '', 'Boutique', 'E32'),
(378, 'Sorepco', 'Mokolo (Centre Commercial)', 'Yaoundé', '', 'Boutique', 'E34'),
(379, 'Sorepco', 'Mokolo (Centre Commercial)', 'Yaoundé', '', 'Boutique', 'E35'),
(380, 'Sorepco', 'Mokolo (Centre Commercial)', 'Yaoundé', '', 'Boutique', 'E36'),
(381, 'Sorepco', 'Mokolo (Centre Commercial)', 'Yaoundé', '', 'Boutique', 'E37'),
(382, 'Sorepco', 'Mokolo (Centre Commercial)', 'Yaoundé', '', 'Boutique', 'E38'),
(383, 'Sorepco', 'Mokolo (Centre Commercial)', 'Yaoundé', '', 'Boutique', 'E39'),
(384, 'Sorepco', 'Mokolo (Centre Commercial)', 'Yaoundé', '', 'Boutique', 'E40'),
(385, 'Sorepco', 'Mokolo (Centre Commercial)', 'Yaoundé', '', 'Boutique', 'E41'),
(386, 'Sorepco', 'Mokolo (Centre Commercial)', 'Yaoundé', '', 'Boutique', 'E42'),
(387, 'Sorepco', 'Mokolo (Centre Commercial)', 'Yaoundé', '', 'Boutique', 'E43'),
(388, 'Sorepco', 'Mokolo (Centre Commercial)', 'Yaoundé', '', 'Boutique', 'E44'),
(389, 'Sorepco', 'Mokolo (Centre Commercial)', 'Yaoundé', '', 'Boutique', 'E45'),
(390, 'Sorepco', 'Mokolo (Centre Commercial)', 'Yaoundé', '', 'Boutique', 'E46'),
(391, 'Sorepco', 'Mokolo (Centre Commercial)', 'Yaoundé', '', 'Boutique', 'E47'),
(392, 'Sorepco', 'Mokolo (Centre Commercial)', 'Yaoundé', '', 'Boutique', 'E48'),
(393, 'Sorepco', 'Mokolo (Centre Commercial)', 'Yaoundé', '', 'Boutique', 'E49'),
(394, 'Sorepco', 'Mokolo (Centre Commercial)', 'Yaoundé', '', 'Boutique', 'E50'),
(395, 'Sorepco', 'Mokolo (Centre Commercial)', 'Yaoundé', '', 'Boutique', 'E51'),
(396, 'Sorepco', 'Mokolo (Centre Commercial)', 'Yaoundé', '', 'Boutique', 'E52'),
(397, 'Sorepco', 'Mokolo (Centre Commercial)', 'Yaoundé', '', 'Boutique', 'E53'),
(398, 'Sorepco', 'Mokolo (Centre Commercial)', 'Yaoundé', '', 'Boutique', 'E54'),
(399, 'Sorepco', 'Mokolo (Centre Commercial)', 'Yaoundé', '', 'Boutique', 'E55'),
(400, 'Sorepco', 'Mokolo (Centre Commercial)', 'Yaoundé', '', 'Boutique', 'E56'),
(401, 'Sorepco', 'Mokolo (Centre Commercial)', 'Yaoundé', '', 'Boutique', 'E57'),
(402, 'Sorepco', 'Mokolo (Centre Commercial)', 'Yaoundé', '', 'Boutique', 'E58'),
(403, 'Sorepco', 'Mokolo (Centre Commercial)', 'Yaoundé', '', 'Boutique', 'E59'),
(404, 'Sorepco', 'Mokolo (Centre Commercial)', 'Yaoundé', '', 'Boutique', 'E60'),
(405, 'Sorepco', 'Mokolo (Centre Commercial)', 'Yaoundé', '', 'Boutique', 'E61'),
(406, 'Sorepco', 'Mokolo (Centre Commercial)', 'Yaoundé', '', 'Boutique', 'E62'),
(407, 'Sorepco', 'Mokolo (Centre Commercial)', 'Yaoundé', '', 'Boutique', 'E63'),
(408, 'Sorepco', 'Mokolo (Centre Commercial)', 'Yaoundé', '', 'Boutique', 'E64'),
(409, 'Sorepco', 'Mokolo (Centre Commercial)', 'Yaoundé', '', 'Boutique', 'E65'),
(410, 'Sorepco', 'Mokolo (Centre Commercial)', 'Yaoundé', '', 'Boutique', 'E66'),
(411, 'Sorepco', 'Mokolo (Centre Commercial)', 'Yaoundé', '', '', 'ESPACE RESTAURANT'),
(412, 'Sorepco', 'Mokolo (Centre Commercial)', 'Yaoundé', '', 'Boutique', 'R01'),
(413, 'Sorepco', 'Mokolo (Centre Commercial)', 'Yaoundé', '', 'Boutique', 'R02'),
(414, 'Sorepco', 'Mokolo (Centre Commercial)', 'Yaoundé', '', 'Boutique', 'R03'),
(415, 'Sorepco', 'Mokolo (Centre Commercial)', 'Yaoundé', '', 'Boutique', 'R04'),
(416, 'Sorepco', 'Mokolo (Centre Commercial)', 'Yaoundé', '', 'Boutique', 'R05'),
(417, 'Sorepco', 'Mokolo (Centre Commercial)', 'Yaoundé', '', 'Boutique', 'R06'),
(418, 'Sorepco', 'Mokolo (Centre Commercial)', 'Yaoundé', '', 'Boutique', 'R07'),
(419, 'Sorepco', 'Mokolo (Centre Commercial)', 'Yaoundé', '', 'Boutique', 'R08'),
(420, 'Sorepco', 'Mokolo (Centre Commercial)', 'Yaoundé', '', 'Boutique', 'R09'),
(421, 'Sorepco', 'Mokolo (Centre Commercial)', 'Yaoundé', '', 'Boutique', 'R10'),
(422, 'Sorepco', 'Mokolo (Centre Commercial)', 'Yaoundé', '', 'Boutique', 'R11'),
(423, 'Sorepco', 'Mokolo (Centre Commercial)', 'Yaoundé', '', 'Boutique', 'R12'),
(424, 'Sorepco', 'Mokolo (Centre Commercial)', 'Yaoundé', '', 'Boutique', 'R13'),
(425, 'Sorepco', 'Mokolo (Centre Commercial)', 'Yaoundé', '', 'Boutique', 'R14'),
(426, 'Sorepco', 'Mokolo (Centre Commercial)', 'Yaoundé', '', 'Boutique', 'R15'),
(427, 'Sorepco', 'Mokolo (Centre Commercial)', 'Yaoundé', '', 'Boutique', 'R16'),
(428, 'Sorepco', 'Mokolo (Centre Commercial)', 'Yaoundé', '', 'Boutique', 'R17'),
(429, 'Sorepco', 'Mokolo (Centre Commercial)', 'Yaoundé', '', 'Boutique', 'R18'),
(430, 'Sorepco', 'Mokolo (Centre Commercial)', 'Yaoundé', '', 'Boutique', 'R19'),
(431, 'Sorepco', 'Mokolo (Centre Commercial)', 'Yaoundé', '', 'Boutique', 'R20'),
(432, 'Sorepco', 'Mokolo (Centre Commercial)', 'Yaoundé', '', 'Boutique', 'R21'),
(433, 'Sorepco', 'Mokolo (Centre Commercial)', 'Yaoundé', '', 'Boutique', 'R22'),
(434, 'Sorepco', 'Mokolo (Centre Commercial)', 'Yaoundé', '', 'Boutique', 'R23'),
(435, 'Sorepco', 'Mokolo (Centre Commercial)', 'Yaoundé', '', 'Boutique', 'R24'),
(436, 'Sorepco', 'Mokolo (Centre Commercial)', 'Yaoundé', '', 'Boutique', 'R25'),
(437, 'Sorepco', 'Mokolo (Centre Commercial)', 'Yaoundé', '', 'Boutique', 'R26'),
(438, 'Sorepco', 'Mokolo (Centre Commercial)', 'Yaoundé', '', 'Boutique', 'R27'),
(439, 'Sorepco', 'Mokolo (Centre Commercial)', 'Yaoundé', '', 'Boutique', 'R28'),
(440, 'Sorepco', 'Mokolo (Centre Commercial)', 'Yaoundé', '', 'Boutique', 'R29'),
(441, 'Sorepco', 'Mokolo (Centre Commercial)', 'Yaoundé', '', 'Boutique', 'R30'),
(442, 'Sorepco', 'Mokolo (Centre Commercial)', 'Yaoundé', '', 'Boutique', 'R31'),
(443, 'Sorepco', 'Mokolo (Centre Commercial)', 'Yaoundé', '', 'Boutique', 'R32'),
(444, 'Sorepco', 'Mokolo (Centre Commercial)', 'Yaoundé', '', 'Boutique', 'R33'),
(445, 'Sorepco', 'Mokolo (Centre Commercial)', 'Yaoundé', '', 'Boutique', 'R34'),
(446, 'Sorepco', 'Mokolo (Centre Commercial)', 'Yaoundé', '', 'Boutique', 'R35'),
(447, 'Sorepco', 'Mokolo (Centre Commercial)', 'Yaoundé', '', 'Boutique', 'R36'),
(448, 'Sorepco', 'Mokolo (Centre Commercial)', 'Yaoundé', '', 'Boutique', 'R37'),
(449, 'Sorepco', 'Mokolo (Centre Commercial)', 'Yaoundé', '', 'Boutique', 'R38'),
(450, 'Sorepco', 'Mokolo (Centre Commercial)', 'Yaoundé', '', 'Boutique', 'R39'),
(451, 'Sorepco', 'Mokolo (Centre Commercial)', 'Yaoundé', '', 'Boutique', 'R40'),
(452, 'Sorepco', 'Mokolo (Centre Commercial)', 'Yaoundé', '', 'Boutique', 'R41'),
(453, 'Sorepco', 'Mokolo (Centre Commercial)', 'Yaoundé', '', 'Boutique', 'R42'),
(454, 'Sorepco', 'Mokolo (Centre Commercial)', 'Yaoundé', '', 'Boutique', 'R43'),
(455, 'Sorepco', 'Mokolo (Centre Commercial)', 'Yaoundé', '', 'Boutique', 'R44'),
(456, 'Sorepco', 'Mokolo (Centre Commercial)', 'Yaoundé', '', 'Boutique', 'R45'),
(457, 'Sorepco', 'Mokolo (Centre Commercial)', 'Yaoundé', '', 'Boutique', 'R46'),
(458, 'Sorepco', 'Mokolo (Centre Commercial)', 'Yaoundé', '', 'Boutique', 'R47'),
(459, 'Sorepco', 'Mokolo (Centre Commercial)', 'Yaoundé', '', 'Boutique', 'R48'),
(460, 'Sorepco', 'Mokolo (Centre Commercial)', 'Yaoundé', '', 'Boutique', 'R49'),
(461, 'Sorepco', 'Mokolo (Centre Commercial)', 'Yaoundé', '', 'Boutique', 'R50'),
(462, 'Sorepco', 'Mokolo (Centre Commercial)', 'Yaoundé', '', 'Boutique', 'R51'),
(463, 'Sorepco', 'Mokolo (Centre Commercial)', 'Yaoundé', '', 'Boutique', 'R52'),
(464, 'Sorepco', 'Mokolo (Centre Commercial)', 'Yaoundé', '', 'Boutique', 'R53'),
(465, 'Sorepco', 'Mokolo (Centre Commercial)', 'Yaoundé', '', 'Boutique', 'R54'),
(466, 'Sorepco', 'Mokolo (Centre Commercial)', 'Yaoundé', '', 'Boutique', 'R55'),
(467, 'Sorepco', 'Mokolo (Centre Commercial)', 'Yaoundé', '', 'Boutique', 'R56'),
(468, 'Sorepco', 'Mokolo (Centre Commercial)', 'Yaoundé', '', 'Boutique', 'R57'),
(469, 'Sorepco', 'Mokolo (Centre Commercial)', 'Yaoundé', '', 'Boutique', 'R58'),
(470, 'Sorepco', 'Mokolo (Centre Commercial)', 'Yaoundé', '', 'Boutique', 'R59'),
(471, 'Sorepco', 'Mokolo (Centre Commercial)', 'Yaoundé', '', 'Boutique', 'R60'),
(472, 'Sorepco', 'Mokolo (Centre Commercial)', 'Yaoundé', '', 'Boutique', 'R61'),
(473, 'Sorepco', 'Mokolo (Centre Commercial)', 'Yaoundé', '', 'Boutique', 'R62'),
(474, 'Sorepco', 'Mokolo (Centre Commercial)', 'Yaoundé', '', 'Boutique', 'R63'),
(475, 'Sorepco', 'Mokolo (Centre Commercial)', 'Yaoundé', '', 'Boutique', 'TOILETTES'),
(476, 'Sorepco', 'Mokolo (Centre Commercial)', 'Yaoundé', '', 'Kiosque', 'K00'),
(477, 'Sorepco', 'Mokolo (Centre Commercial)', 'Yaoundé', '', 'Kiosque', 'K01'),
(478, 'Sorepco', 'Mokolo (Centre Commercial)', 'Yaoundé', '', 'Kiosque', 'K02'),
(479, 'Sorepco', 'Mokolo (Centre Commercial)', 'Yaoundé', '', 'Kiosque', 'K03'),
(480, 'Sorepco', 'Mokolo (Centre Commercial)', 'Yaoundé', '', 'Kiosque', 'K04'),
(481, 'Sorepco', 'Mokolo (Centre Commercial)', 'Yaoundé', '', 'Kiosque', 'K05'),
(482, 'Sorepco', 'Mokolo (Centre Commercial)', 'Yaoundé', '', 'Kiosque', 'K06'),
(483, 'Sorepco', 'Mokolo (Centre Commercial)', 'Yaoundé', '', 'Kiosque', 'K07'),
(484, 'Sorepco', 'Mokolo (Centre Commercial)', 'Yaoundé', '', 'Kiosque', 'K08'),
(485, 'Sorepco', 'Mokolo (Centre Commercial)', 'Yaoundé', '', 'Kiosque', 'K09'),
(486, 'Sorepco', 'Mokolo (Centre Commercial)', 'Yaoundé', '', 'Kiosque', 'K10'),
(487, 'Sorepco', 'Mokolo (Centre Commercial)', 'Yaoundé', '', 'Kiosque', 'K11'),
(488, 'Sorepco', 'Mokolo (Centre Commercial)', 'Yaoundé', '', 'Kiosque', 'K12'),
(489, 'Sorepco', 'Mokolo (Centre Commercial)', 'Yaoundé', '', 'Kiosque', 'K13'),
(490, 'Sorepco', 'Mokolo (Centre Commercial)', 'Yaoundé', '', 'Kiosque', 'K14'),
(491, 'Sorepco', 'Mokolo (Centre Commercial)', 'Yaoundé', '', 'Kiosque', 'K15'),
(492, 'Sorepco', 'Mokolo (Centre Commercial)', 'Yaoundé', '', 'Kiosque', 'K16'),
(493, 'Sorepco', 'Mokolo (Centre Commercial)', 'Yaoundé', '', 'Kiosque', 'K17'),
(494, 'Sorepco', 'Mokolo (Centre Commercial)', 'Yaoundé', '', 'Kiosque', 'K18'),
(495, 'Sorepco', 'Mokolo (Centre Commercial)', 'Yaoundé', '', 'Kiosque', 'K19'),
(496, 'Sorepco', 'Mokolo (Centre Commercial)', 'Yaoundé', '', 'Kiosque', 'K20'),
(497, 'Sorepco', 'Mokolo (Centre Commercial)', 'Yaoundé', '', 'Kiosque', 'K21'),
(498, 'Sorepco', 'Mokolo (Centre Commercial)', 'Yaoundé', '', 'Kiosque', 'K22'),
(499, 'Sorepco', 'Mokolo (Centre Commercial)', 'Yaoundé', '', 'Kiosque', 'K23'),
(500, 'Sorepco', 'Mokolo (Centre Commercial)', 'Yaoundé', '', 'Kiosque', 'K24'),
(501, 'Sorepco', 'Mokolo (Centre Commercial)', 'Yaoundé', '', 'Kiosque', 'K25'),
(502, 'Sorepco', 'Mokolo (Centre Commercial)', 'Yaoundé', '', 'Kiosque', 'K26'),
(503, 'Sorepco', 'Mokolo (Centre Commercial)', 'Yaoundé', '', 'Kiosque', 'K27'),
(504, 'Sorepco', 'Mokolo (Centre Commercial)', 'Yaoundé', '', 'Kiosque', 'K28'),
(505, 'Sorepco', 'Mokolo (Centre Commercial)', 'Yaoundé', '', 'Kiosque', 'K29'),
(506, 'Sorepco', 'Mokolo (Centre Commercial)', 'Yaoundé', '', 'Kiosque', 'K30'),
(507, 'Sorepco', 'Mokolo (Centre Commercial)', 'Yaoundé', '', 'Kiosque', 'K31'),
(508, 'Sorepco', 'Mokolo (Centre Commercial)', 'Yaoundé', '', 'Kiosque', 'K32'),
(509, 'Sorepco', 'Mokolo (Centre Commercial)', 'Yaoundé', '', 'Kiosque', 'K33'),
(510, 'Sorepco', 'Mokolo (Centre Commercial)', 'Yaoundé', '', 'Kiosque', 'K34'),
(511, 'Sorepco', 'Mokolo (Centre Commercial)', 'Yaoundé', '', 'Kiosque', 'K35'),
(512, 'Sorepco', 'Mokolo (Centre Commercial)', 'Yaoundé', '', 'Kiosque', 'K36'),
(513, 'Sorepco', 'Mokolo (Centre Commercial)', 'Yaoundé', '', 'Kiosque', 'K37'),
(514, 'Sorepco', 'Mokolo (Centre Commercial)', 'Yaoundé', '', 'Kiosque', 'K38'),
(515, 'Sorepco', 'Mokolo (Centre Commercial)', 'Yaoundé', '', 'Kiosque', 'K39'),
(516, 'Sorepco', 'Mokolo (Centre Commercial)', 'Yaoundé', '', 'Kiosque', 'K40'),
(517, 'Sorepco', 'Mokolo (Centre Commercial)', 'Yaoundé', '', 'Kiosque', 'K41'),
(518, 'Sorepco', 'Mokolo (Centre Commercial)', 'Yaoundé', '', 'Kiosque', 'K44'),
(519, 'Sorepco', 'Mokolo (Centre Commercial)2', 'Yaoundé', '', 'Boutique', 'H1'),
(520, 'Sorepco', 'Mokolo (Centre Commercial)2', 'Yaoundé', '', 'Boutique', 'K44'),
(521, 'Sorepco', 'Mokolo (Centre Commercial)2', 'Yaoundé', '', 'Boutique', 'F1'),
(522, 'Sorepco', 'Mokolo (Centre Commercial)2', 'Yaoundé', '', 'Boutique', 'F2'),
(523, 'Sorepco', 'Mokolo (Centre Commercial)2', 'Yaoundé', '', 'Boutique', 'R9'),
(524, 'Sorepco', 'Mokolo (Centre Commercial)2', 'Yaoundé', '', 'Boutique', 'B4'),
(525, 'Sorepco', 'Mokolo (Centre Commercial)2', 'Yaoundé', '', 'Boutique', 'C2'),
(526, 'Sorepco', 'Mokolo (Centre Commercial)2', 'Yaoundé', '', 'Boutique', 'C1'),
(527, 'Sorepco', 'Mokolo (Centre Commercial)2', 'Yaoundé', '', 'Boutique', 'B2'),
(528, 'Sorepco', 'Mokolo (Centre Commercial)2', 'Yaoundé', '', 'Boutique', 'B3'),
(529, 'Sorepco', 'Mokolo (Centre Commercial)2', 'Yaoundé', '', 'Boutique', 'B1'),
(530, 'Sorepco', 'Mokolo (Centre Commercial)2', 'Yaoundé', '', 'Boutique', 'A1'),
(531, 'Sorepco', 'Mokolo (Centre Commercial)2', 'Yaoundé', '', 'Boutique', 'A2'),
(532, 'Sorepco', 'Mokolo (Centre Commercial)2', 'Yaoundé', '', 'Boutique', 'A4'),
(533, 'Sorepco', 'Mokolo (Centre Commercial)2', 'Yaoundé', '', 'Boutique', 'C4'),
(534, 'Sorepco', 'Mokolo (Centre Commercial)2', 'Yaoundé', '', 'Boutique', 'C5'),
(535, 'Sorepco', 'Mokolo (Centre Commercial)2', 'Yaoundé', '', 'Boutique', 'D1'),
(536, 'Sorepco', 'Mokolo (Centre Commercial)2', 'Yaoundé', '', 'Boutique', 'D2'),
(537, 'Sorepco', 'Mokolo (Centre Commercial)2', 'Yaoundé', '', 'Boutique', 'A5'),
(538, 'Sorepco', 'Mokolo (Centre Commercial)2', 'Yaoundé', '', 'Boutique', 'A3'),
(539, 'Sorepco', 'Mvog-Mbi (Boutique)', 'Yaoundé', 'Non-Meuble', 'A1', '4'),
(540, 'Sorepco', 'Mvog-Mbi (Boutique)', 'Yaoundé', 'Non-Meuble', 'A2', '5'),
(541, 'Sorepco', 'Mvog-Mbi (Boutique)', 'Yaoundé', 'Non-Meuble', 'N5', '6'),
(542, 'Sorepco', 'Mvog-Mbi (Boutique)', 'Yaoundé', 'Non-Meuble', '2S2', '1'),
(543, 'Sorepco', 'Mvog-Mbi (Boutique)', 'Yaoundé', '', 'Boutique 1 (193M2/', '2'),
(544, 'Sorepco', 'Mvog-Mbi (Boutique)', 'Yaoundé', '', 'Mezzanine (350 M2/', '3'),
(545, 'Sci Sotradic', 'Ndogbong (Immeuble)', 'Douala', 'Non-Meuble', 'Appart 03 Ch', 'APP01'),
(546, 'Sci Sotradic', 'Ndogbong (Immeuble)', 'Douala', 'Non-Meuble', 'Appart 03 Ch', 'APP02'),
(547, 'Sci Djems', 'Nestle (Boutique)', 'Douala', '', 'Boutique', '10'),
(548, 'Sci Djems', 'Nestle (Boutique)', 'Douala', '', 'Boutique', '11'),
(549, 'Sci Djems', 'Nestle (Boutique)', 'Douala', '', 'Boutique', '12'),
(550, 'Sci Djems', 'Nestle (Boutique)', 'Douala', '', 'Boutique', '13'),
(551, 'Sci Djems', 'Nestle (Boutique)', 'Douala', '', 'Boutique', '14'),
(552, 'Sci Djems', 'Nestle (Boutique)', 'Douala', '', 'Boutique', '15'),
(553, 'Sci Djems', 'Nestle (Boutique)', 'Douala', '', 'Boutique', '16'),
(554, 'Sci Djems', 'Nestle (Boutique)', 'Douala', '', 'Boutique', '17'),
(555, 'Sci Djems', 'Nestle (Boutique)', 'Douala', '', 'Boutique', '18'),
(556, 'Sci Djems', 'Nestle (Boutique)', 'Douala', '', 'Boutique', '19'),
(557, 'Sci Djems', 'Nestle (Boutique)', 'Douala', '', 'Boutique', '20'),
(558, 'Sci Djems', 'Nestle (Boutique)', 'Douala', '', 'Boutique', '21'),
(559, 'Sci Djems', 'Nestle (Boutique)', 'Douala', '', 'Boutique', '22'),
(560, 'Sci Djems', 'Nestle (Boutique)', 'Douala', '', 'Boutique N° 23', '23'),
(561, 'Sci Djems', 'Nestle (Boutique)', 'Douala', '', 'Boutique', '24'),
(562, 'Sci Djems', 'Nestle (Boutique)', 'Douala', '', 'Boutique', '25'),
(563, 'Sci Djems', 'Nestle (Boutique)', 'Douala', '', 'Boutique', '26'),
(564, 'Sci Djems', 'Nestle (Boutique)', 'Douala', '', 'Boutique', '27'),
(565, 'Sci Djems', 'Nestle (Boutique)', 'Douala', '', 'Boutique', '30'),
(566, 'Sci Djems', 'Nestle (Boutique)', 'Douala', '', 'Boutique', '31'),
(567, 'Sci Djems', 'Nestle (Boutique)', 'Douala', '', 'Boutique', '32'),
(568, 'Sci Djems', 'Nestle (Boutique)', 'Douala', '', 'Boutique', '33'),
(569, 'Sci Djems', 'Nestle (Boutique)', 'Douala', '', 'Boutique', '34'),
(570, 'Sci Djems', 'Nestle (Boutique)', 'Douala', '', 'Boutique', '35'),
(571, 'Sci Djems', 'Nestle (Boutique)', 'Douala', '', 'Boutique', '36'),
(572, 'Sci Djems', 'Nestle (Boutique)', 'Douala', '', 'Boutique', '37'),
(573, 'Sci Djems', 'Nestle (Boutique)', 'Douala', '', 'Boutique', '38'),
(574, 'Sci Djems', 'Nestle (Boutique)', 'Douala', '', 'Boutique', '39'),
(575, 'Sci Djems', 'Nestle (Boutique)', 'Douala', '', 'Boutique', '40'),
(576, 'Sci Djems', 'Nestle (Boutique)', 'Douala', '', 'Boutique', '41'),
(577, 'Sci Djems', 'Nestle (Boutique)', 'Douala', '', 'Boutique', '42'),
(578, 'Sci Djems', 'Nestle (Boutique)', 'Douala', '', 'Boutique', '43'),
(579, 'Sci Djems', 'Nestle (Boutique)', 'Douala', '', 'Boutique', '44'),
(580, 'Sci Djems', 'Nestle (Boutique)', 'Douala', '', 'Boutique', '45'),
(581, 'Sci Djems', 'Nestle (Boutique)', 'Douala', '', 'Boutique', '46'),
(582, 'Sci Djems', 'Nestle (Boutique)', 'Douala', '', 'Boutique', '47'),
(583, 'Sci Djems', 'Nestle (Boutique)', 'Douala', '', 'Boutique', '48'),
(584, 'Sci Djems', 'Nestle (Boutique)', 'Douala', '', 'Boutique', '49'),
(585, 'Sci Djems', 'Nestle (Boutique)', 'Douala', '', 'Boutique', '50'),
(586, 'Sci Djems', 'Nestle (Boutique)', 'Douala', '', 'Boutique', '51'),
(587, 'Sci Djems', 'Nestle (Boutique)', 'Douala', '', 'Boutique', '52'),
(588, 'Sci Djems', 'Nestle (Boutique)', 'Douala', '', 'Boutique', '53'),
(589, 'Sci Djems', 'Nestle (Boutique)', 'Douala', '', 'Boutique', '54');
INSERT INTO `immeubles_entites` (`id`, `entite`, `site`, `ville`, `nature_logement`, `type_logement`, `logement`) VALUES
(590, 'Sci Djems', 'Nestle (Boutique)', 'Douala', '', 'Boutique', '55'),
(591, 'Sci Djems', 'Nestle (Boutique)', 'Douala', '', 'Boutique', '56'),
(592, 'Sci Djems', 'Nestle (Boutique)', 'Douala', '', 'Boutique', '57'),
(593, 'Sci Djems', 'Nestle (Boutique)', 'Douala', '', 'Boutique', '58'),
(594, 'Sci Djems', 'Nestle (Boutique)', 'Douala', '', 'Boutique', '59'),
(595, 'Sci Djems', 'Nestle (Boutique)', 'Douala', '', 'Boutique', '02'),
(596, 'Sci Djems', 'Nestle (Boutique)', 'Douala', '', 'Boutique', '03'),
(597, 'Sci Djems', 'Nestle (Boutique)', 'Douala', '', 'Boutique', '04'),
(598, 'Sci Djems', 'Nestle (Boutique)', 'Douala', '', 'Boutique', '05'),
(599, 'Sci Djems', 'Nestle (Boutique)', 'Douala', '', 'Boutique', '06'),
(600, 'Sci Djems', 'Nestle (Boutique)', 'Douala', '', 'Boutique', '07'),
(601, 'Sci Djems', 'Nestle (Boutique)', 'Douala', '', 'Boutique', '08'),
(602, 'Sci Djems', 'Nestle (Boutique)', 'Douala', '', 'Boutique', '09'),
(603, 'Sci Djems', 'Nestle (Boutique)', 'Douala', '', 'Boutique', '28 ET 29'),
(604, 'Sci Sotradic', 'Ngaoundere (Agence Srpc)', 'Ngaoundéré', 'Non-Meuble', 'Bureaux', ''),
(605, 'Sci Sotradic', 'Ngaoundere (Agence Srpc)', 'Ngaoundéré', '', 'Bureaux', ''),
(606, 'Sci Sotradic', 'Ngaoundere (Magasin)', 'Ngaoundéré', '', 'Magasin', ''),
(607, 'Mr Djemmo Lucas', 'Nkonmondo (Immeuble)', 'Douala', 'Non-Meuble', 'Studio', '1A'),
(608, 'Mr Djemmo Lucas', 'Nkonmondo (Immeuble)', 'Douala', 'Non-Meuble', 'Studio', '3B'),
(609, 'Mr Djemmo Lucas', 'Nkonmondo (Immeuble)', 'Douala', 'Non-Meuble', 'Studio', '3A'),
(610, 'Mr Djemmo Lucas', 'Nkonmondo (Immeuble)', 'Douala', 'Non-Meuble', 'Studio', '2D'),
(611, 'Mr Djemmo Lucas', 'Nkonmondo (Immeuble)', 'Douala', 'Non-Meuble', 'Studio', '3D'),
(612, 'Mr Djemmo Lucas', 'Nkonmondo (Immeuble)', 'Douala', 'Non-Meuble', 'Studio ', '2A'),
(613, 'Mr Djemmo Lucas', 'Nkonmondo (Immeuble)', 'Douala', 'Non-Meuble', 'Studio', '4D'),
(614, 'Mr Djemmo Lucas', 'Nkonmondo (Immeuble)', 'Douala', 'Non-Meuble', 'Appart 2Ch', '3C'),
(615, 'Mr Djemmo Lucas', 'Nkonmondo (Immeuble)', 'Douala', 'Non-Meuble', 'Appart 2Ch', '4A'),
(616, 'Mr Djemmo Lucas', 'Nkonmondo (Immeuble)', 'Douala', 'Non-Meuble', 'Appart 2Ch', '4B'),
(617, 'Mr Djemmo Lucas', 'Nkonmondo (Immeuble)', 'Douala', 'Non-Meuble', 'Appart 2Ch', '2B'),
(618, 'Mr Djemmo Lucas', 'Nkonmondo (Immeuble)', 'Douala', 'Non-Meuble', 'Appart 2Ch', '2C'),
(619, 'Mr Djemmo Lucas', 'Nkonmondo (Immeuble)', 'Douala', 'Non-Meuble', 'Appart 2Ch', '4C'),
(620, 'Sorepco', 'Odza (Boutique)', 'Yaoundé', '', 'Boutique', '6'),
(621, 'Sci Emergence', 'Rue Mermoz (Magasin)', 'Douala', '', 'Magasin', 'MAGAS'),
(622, 'Sci Emergence', 'Rue Mermoz (Magasin)', 'Douala', '', 'Magasin', 'MAGAS'),
(623, 'Sci Emergence', 'Rw King (Magasin Beach)', 'Douala', '', 'Magasin', 'MAGASIN'),
(624, 'Sci Emergence', 'Rw King (Magasin Beach)', 'Douala', '', 'Magasin', 'MAGASIN'),
(625, 'Sci Emergence', 'Rw King (Magasin Beach)', 'Douala', '', 'Magasin', 'MAGASIN'),
(626, 'Mr Djemmo Lucas', 'Santa Barbara (Villa)', 'Yaoundé', 'Non-Meuble', 'Appart 3Chs', '1'),
(627, 'Setrabo', 'Setrabo (2ème Site)', 'Douala', '', '', ''),
(628, 'Setrabo', 'Setrabo (2ème Site)', 'Douala', '', 'Usine', 'USINE'),
(629, 'Setrabo', 'Setrabo (Usine)', 'Douala', '', 'Usine', 'USINE'),
(630, 'Sci Emergence', 'Socamat (Magasin)', 'Yaoundé', 'Non-Meuble', 'A2N1  Stu', '2'),
(631, 'Sci Emergence', 'Socamat (Magasin)', 'Yaoundé', 'Non-Meuble', 'A5N1  Stu', '5'),
(632, 'Sci Emergence', 'Socamat (Magasin)', 'Yaoundé', 'Non-Meuble', 'A7N1  Stu', '7'),
(633, 'Sci Emergence', 'Socamat (Magasin)', 'Yaoundé', 'Non-Meuble', 'A2N2  Stu', '8'),
(634, 'Sci Emergence', 'Socamat (Magasin)', 'Yaoundé', 'Non-Meuble', 'A5N2  Stu', '9'),
(635, 'Sci Emergence', 'Socamat (Magasin)', 'Yaoundé', 'Non-Meuble', 'A7N2  St', '12'),
(636, 'Sci Emergence', 'Socamat (Magasin)', 'Yaoundé', 'Non-Meuble', 'A1N1  2Chs', '1'),
(637, 'Sci Emergence', 'Socamat (Magasin)', 'Yaoundé', 'Non-Meuble', 'A3N1  3Chs', '3'),
(638, 'Sci Emergence', 'Socamat (Magasin)', 'Yaoundé', 'Non-Meuble', 'A4N2  3Chs', '4'),
(639, 'Sci Emergence', 'Socamat (Magasin)', 'Yaoundé', 'Non-Meuble', 'A6N1  2Chs', '6'),
(640, 'Sci Emergence', 'Socamat (Magasin)', 'Yaoundé', 'Non-Meuble', 'A6N2 2Chs', '10'),
(641, 'Sci Emergence', 'Socamat (Magasin)', 'Yaoundé', 'Non-Meuble', 'A1N2  2Chs', '11'),
(642, 'Sci Emergence', 'Socamat (Magasin)', 'Yaoundé', 'Non-Meuble', 'A3N2  3Chs', '13'),
(643, 'Sci Emergence', 'Socamat (Magasin)', 'Yaoundé', 'Non-Meuble', 'A4N1  3Chs', '14'),
(644, 'Sci Emergence', 'Socamat (Magasin)', 'Yaoundé', 'Non-Meuble', 'Bureau', ''),
(645, 'Sci Emergence', 'Socamat (Magasin)', 'Yaoundé', 'Non-Meuble', 'Espace Ccial', ''),
(646, 'Sci Emergence', 'Socamat (Magasin)', 'Yaoundé', '', 'Boutique  ', '15'),
(647, 'Sci Emergence', 'Socamat (Magasin)', 'Yaoundé', '', 'Boutique(232,8M²)', '16'),
(648, 'Sci Emergence', 'Socamat (Magasin)', 'Yaoundé', '', 'Espace Ccial', ''),
(649, 'Sci Emergence', 'Socamat (Magasin)', 'Yaoundé', '', 'Espace Ccial', ''),
(650, 'Sorepco', 'Sodiko (Immeuble)', 'Douala', 'Non-Meuble', 'Studio', '104'),
(651, 'Sorepco', 'Sodiko (Immeuble)', 'Douala', 'Non-Meuble', 'Studio', '203'),
(652, 'Sorepco', 'Sodiko (Immeuble)', 'Douala', 'Non-Meuble', 'Studio', '204'),
(653, 'Sorepco', 'Sodiko (Immeuble)', 'Douala', 'Non-Meuble', 'Studio', '103'),
(654, 'Sorepco', 'Sodiko (Immeuble)', 'Douala', 'Non-Meuble', 'Studio', 'R3'),
(655, 'Sorepco', 'Sodiko (Immeuble)', 'Douala', 'Non-Meuble', 'Studio', 'R4'),
(656, 'Sorepco', 'Sodiko (Immeuble)', 'Douala', 'Non-Meuble', 'Appart 2Ch', '101'),
(657, 'Sorepco', 'Sodiko (Immeuble)', 'Douala', 'Non-Meuble', 'Appart 2Ch', '102'),
(658, 'Sorepco', 'Sodiko (Immeuble)', 'Douala', 'Non-Meuble', 'Appart 2Ch', 'R2'),
(659, 'Sorepco', 'Sodiko (Immeuble)', 'Douala', 'Non-Meuble', 'Appart 2Ch', '105'),
(660, 'Sorepco', 'Sodiko (Immeuble)', 'Douala', 'Non-Meuble', 'Appart 2Ch', '106'),
(661, 'Sorepco', 'Sodiko (Immeuble)', 'Douala', 'Non-Meuble', 'Appart 2Ch', '201'),
(662, 'Sorepco', 'Sodiko (Immeuble)', 'Douala', 'Non-Meuble', 'Appart 2Ch', '202'),
(663, 'Sorepco', 'Sodiko (Immeuble)', 'Douala', 'Non-Meuble', 'Appart 2Ch', '205'),
(664, 'Sorepco', 'Sodiko (Immeuble)', 'Douala', 'Non-Meuble', 'Appart 2Ch', '206'),
(665, 'Sorepco', 'Sodiko (Immeuble)', 'Douala', 'Non-Meuble', 'Appart 2Ch', '206'),
(666, 'Sorepco', 'Sodiko (Immeuble)', 'Douala', 'Non-Meuble', 'Appart 2Ch', 'R1'),
(667, 'Sorepco', 'Sodiko (Immeuble)', 'Douala', 'Non-Meuble', 'Appart 2Ch', 'R5'),
(668, 'Sorepco', 'Sodiko (Immeuble)', 'Douala', 'Non-Meuble', 'Appart 2Ch', 'R6'),
(669, 'Sci Sotradic', 'Sona Street (Boutique)', 'Bamenda', 'Non-Meuble', 'Niveau3 Appartement 1', ''),
(670, 'Sci Sotradic', 'Sona Street (Boutique)', 'Bamenda', 'Non-Meuble', 'Mezanine', ''),
(671, 'Sci Sotradic', 'Sona Street (Boutique)', 'Bamenda', 'Non-Meuble', 'Niveau 3  Appartement 2', ''),
(672, 'Sci Sotradic', 'Sona Street (Boutique)', 'Bamenda', 'Non-Meuble', 'Niveau 4 Appartement 1', ''),
(673, 'Sci Sotradic', 'Sona Street (Boutique)', 'Bamenda', 'Non-Meuble', 'Niveau 4 Appartement 2', ''),
(674, 'Sci Sotradic', 'Sona Street (Boutique)', 'Bamenda', '', 'Rdc Cote Droit-Niveau 1-2', ''),
(675, 'Sci Sotradic', 'Sona Street (Boutique)', 'Bamenda', '', 'Boutique', ''),
(676, 'Sorepco', 'Tamdja (Batiment 01)', 'Bafoussam', 'Non-Meuble', 'Appartement 03 Ch', 'APET1'),
(677, 'Sorepco', 'Tamdja (Batiment 01)', 'Bafoussam', 'Non-Meuble', 'Appartement 03 Ch', 'APRDC'),
(678, 'Sorepco', 'Tamdja (Batiment 01)', 'Bafoussam', 'Non-Meuble', 'Appartement 02 Ch', 'APSS1'),
(679, 'Sorepco', 'Tamdja (Batiment 01)', 'Bafoussam', '', 'Magasin', 'MAG02'),
(680, 'Sorepco', 'Tamdja (Batiment 02)', 'Bafoussam', 'Non-Meuble', 'Appartement 02 Ch', 'APET2'),
(681, 'Sorepco', 'Tamdja (Batiment 02)', 'Bafoussam', 'Non-Meuble', 'Appartement 02 Ch', 'APSS2'),
(682, 'Sorepco', 'Village  Ndog-Passi', 'Douala', 'Non-Meuble', 'Chambre', 'CH01'),
(683, 'Sorepco', 'Village  Ndog-Passi', 'Douala', 'Non-Meuble', 'Appart 3Ch', 'AP01'),
(684, 'Sorepco', 'Village  Ndog-Passi', 'Douala', 'Non-Meuble', 'Appart 2Ch', 'AP02'),
(685, 'Sci Sotradic', 'Sona Street (Boutique)', 'Bamenda', '', 'Espace Toiture ', ''),
(686, 'Sorepco', 'Buea (Espace Toiture)', 'Buéa', '', 'Espace Toiture', ''),
(687, 'Sci Sotradic', 'Bonaloka (Terrain Nu)', 'Douala', '', 'Espace Nu (Razel)', 'TERRAIN'),
(688, 'Sci Sotradic', 'Borne 10 (Terrain Nu)', 'Douala', '', 'Terrain Nu', 'TERRAIN'),
(689, 'Sci Emergence', 'Carrefour Arno (Boutique)', 'Douala', '', 'Espace Commercial', ''),
(690, 'Sci Sotradic', 'Direction Des Douanes', 'Douala', '', 'Rdc+4Etage', ''),
(691, 'Sci Sotradic', 'Japoma', 'Douala', '', 'Terrain Nu', 'TERRAIN NU'),
(692, 'Sci Emergence', 'Yassa (Terrain Nu)', 'Douala', '', 'Terrain ', 'TERRAIN');

-- --------------------------------------------------------

--
-- Structure de la table `logs`
--

DROP TABLE IF EXISTS `logs`;
CREATE TABLE IF NOT EXISTS `logs` (
  `id_log` int NOT NULL AUTO_INCREMENT,
  `id_user` int NOT NULL,
  `name_user` varchar(25) COLLATE utf8mb4_unicode_ci NOT NULL,
  `adresse_ip` varchar(25) COLLATE utf8mb4_unicode_ci NOT NULL,
  `level_log` int NOT NULL,
  `message_log` text CHARACTER SET utf8mb4 COLLATE utf8mb4_unicode_ci NOT NULL,
  `date_logs` timestamp NOT NULL DEFAULT CURRENT_TIMESTAMP,
  PRIMARY KEY (`id_log`)
) ENGINE=MyISAM AUTO_INCREMENT=573 DEFAULT CHARSET=utf8mb4 COLLATE=utf8mb4_unicode_ci;

--
-- Déchargement des données de la table `logs`
--

INSERT INTO `logs` (`id_log`, `id_user`, `name_user`, `adresse_ip`, `level_log`, `message_log`, `date_logs`) VALUES
(1, 4, 'Mr Tsafack', '::1', 1, 'Connexion sur la plateforme!', '2024-05-11 08:34:07'),
(2, 4, 'Mr Tsafack', '::1', 2, 'Ajout du nouveau contrat № 3', '2024-05-11 08:39:23'),
(3, 4, 'Mr Tsafack', '::1', 3, 'Modification du contrat № 3', '2024-05-11 08:39:47'),
(4, 4, 'Mr Tsafack', '::1', -1, 'Déconnexion de la plateforme!', '2024-05-11 08:41:57'),
(5, 5, 'Mr Yannick', '::1', 1, 'Connexion sur la plateforme!', '2024-05-11 08:42:51'),
(6, 5, 'Mr Yannick', '::1', 2, 'Ajout du nouveau contrat № 4', '2024-05-11 09:07:03'),
(7, 5, 'Mr Yannick', '::1', -1, 'Déconnexion de la plateforme!', '2024-05-11 09:07:14'),
(8, 6, 'Mme Kapche', '::1', 1, 'Connexion sur la plateforme!', '2024-05-11 09:09:50'),
(9, 6, 'Mme Kapche', '::1', 2, 'Ajout du nouveau contrat № 5', '2024-05-11 09:16:16'),
(10, 6, 'Mme Kapche', '::1', 2, 'Ajout du nouveau contrat № 6', '2024-05-11 09:42:38'),
(11, 6, 'Mme Kapche', '::1', 5, 'Mise à jour de la checkliste d\'adhésion № 6', '2024-05-11 09:49:47'),
(12, 6, 'Mme Kapche', '::1', 5, 'Mise à jour de la checkliste d\'adhésion № 1', '2024-05-11 10:03:11'),
(13, 6, 'Mme Kapche', '::1', 6, 'Ajout du dossier № 1 en résiliation', '2024-05-11 10:10:39'),
(14, 6, 'Mme Kapche', '::1', 3, 'Modification du contrat № 1', '2024-05-11 10:11:23'),
(15, 1, 'Ntep', '::1', 1, 'Connexion sur la plateforme!', '2024-05-11 11:05:10'),
(16, 6, 'Mme Kapche', '::1', 2, 'Ajout du nouveau contrat № 7', '2024-05-11 11:20:09'),
(17, 6, 'Mme Kapche', '::1', -1, 'Déconnexion de la plateforme!', '2024-05-11 11:20:26'),
(18, 3, 'Mr Thierry', '::1', 1, 'Connexion sur la plateforme!', '2024-05-11 11:20:42'),
(19, 3, 'Mr Thierry', '::1', 2, 'Ajout du nouveau contrat № 8', '2024-05-11 11:26:42'),
(20, 3, 'Mr Thierry', '::1', 2, 'Ajout du nouveau contrat № 9', '2024-05-11 11:30:54'),
(21, 3, 'Mr Thierry', '::1', 5, 'Mise à jour de la checkliste d\'adhésion № 9', '2024-05-11 11:31:49'),
(22, 3, 'Mr Thierry', '::1', -5, 'Mise à jour de la checkliste de résiliation № 1', '2024-05-11 11:33:22'),
(23, 3, 'Mr Thierry', '::1', -1, 'Déconnexion de la plateforme!', '2024-05-11 11:33:29'),
(24, 1, 'Ntep', '::1', 1, 'Connexion sur la plateforme!', '2024-05-11 11:33:36'),
(25, 1, 'Ntep', '::1', -1, 'Déconnexion de la plateforme!', '2024-05-11 11:38:09'),
(26, 4, 'Mr Tsafack', '::1', 1, 'Connexion sur la plateforme!', '2024-05-11 11:38:53'),
(27, 4, 'Mr Tsafack', '::1', 2, 'Ajout du nouveau contrat № 10', '2024-05-11 11:42:26'),
(28, 4, 'Mr Tsafack', '::1', 2, 'Ajout du nouveau contrat № 11', '2024-05-11 11:47:00'),
(29, 4, 'Mr Tsafack', '::1', 5, 'Mise à jour de la checkliste d\'adhésion № 11', '2024-05-11 11:53:56'),
(30, 4, 'Mr Tsafack', '::1', 3, 'Modification du contrat № 9', '2024-05-11 11:54:53'),
(31, 1, 'Ntep', '::1', 2, 'Ajout du nouveau contrat № 12', '2024-05-11 12:12:43'),
(32, 4, 'Mr Tsafack', '::1', -1, 'Déconnexion de la plateforme!', '2024-05-11 12:13:02'),
(33, 5, 'Mr Yannick', '::1', 1, 'Connexion sur la plateforme!', '2024-05-11 12:13:15'),
(34, 5, 'Mr Yannick', '::1', 2, 'Ajout du nouveau contrat № 13', '2024-05-11 12:16:39'),
(35, 5, 'Mr Yannick', '::1', 2, 'Ajout du nouveau contrat № 14', '2024-05-11 12:34:11'),
(36, 5, 'Mr Yannick', '::1', 6, 'Ajout du dossier № 9 en résiliation', '2024-05-11 12:34:42'),
(37, 5, 'Mr Yannick', '::1', 6, 'Ajout du dossier № 14 en résiliation', '2024-05-11 12:35:09'),
(38, 5, 'Mr Yannick', '::1', 5, 'Mise à jour de la checkliste d\'adhésion № 3', '2024-05-11 12:35:44'),
(39, 5, 'Mr Yannick', '::1', 5, 'Mise à jour de la checkliste d\'adhésion № 6', '2024-05-11 12:36:29'),
(40, 5, 'Mr Yannick', '::1', 6, 'Ajout du dossier № 6 en résiliation', '2024-05-11 12:36:56'),
(41, 5, 'Mr Yannick', '::1', 6, 'Ajout du dossier № 3 en résiliation', '2024-05-11 12:37:27'),
(42, 5, 'Mr Yannick', '::1', -5, 'Mise à jour de la checkliste de résiliation № 14', '2024-05-11 12:37:48'),
(43, 5, 'Mr Yannick', '::1', 3, 'Modification du contrat № 14', '2024-05-11 12:38:16'),
(44, 5, 'Mr Yannick', '::1', 3, 'Modification du contrat № 3', '2024-05-11 12:38:34'),
(45, 5, 'Mr Yannick', '::1', 3, 'Modification du contrat № 11', '2024-05-11 12:38:51'),
(46, 5, 'Mr Yannick', '::1', 3, 'Modification du contrat № 6', '2024-05-11 12:39:14'),
(47, 5, 'Mr Yannick', '::1', 2, 'Ajout du nouveau contrat № 15', '2024-05-11 12:41:12'),
(48, 5, 'Mr Yannick', '::1', 5, 'Mise à jour de la checkliste d\'adhésion № 2', '2024-05-11 12:42:04'),
(49, 5, 'Mr Yannick', '::1', 5, 'Mise à jour de la checkliste d\'adhésion № 5', '2024-05-11 12:42:12'),
(50, 5, 'Mr Yannick', '::1', 5, 'Mise à jour de la checkliste d\'adhésion № 8', '2024-05-11 12:42:30'),
(51, 5, 'Mr Yannick', '::1', 5, 'Mise à jour de la checkliste d\'adhésion № 10', '2024-05-11 12:42:45'),
(52, 5, 'Mr Yannick', '::1', -1, 'Déconnexion de la plateforme!', '2024-05-11 12:42:50'),
(53, 3, 'Mr Thierry', '::1', 1, 'Connexion sur la plateforme!', '2024-05-11 12:42:55'),
(54, 3, 'Mr Thierry', '::1', 5, 'Mise à jour de la checkliste d\'adhésion № 15', '2024-05-11 12:43:16'),
(55, 3, 'Mr Thierry', '::1', 5, 'Mise à jour de la checkliste d\'adhésion № 12', '2024-05-11 12:43:31'),
(56, 3, 'Mr Thierry', '::1', -1, 'Déconnexion de la plateforme!', '2024-05-11 12:45:45'),
(57, 3, 'Mr Thierry', '::1', 1, 'Connexion sur la plateforme!', '2024-05-11 12:46:02'),
(58, 3, 'Mr Thierry', '::1', 5, 'Mise à jour de la checkliste d\'adhésion № 7', '2024-05-11 12:47:44'),
(59, 1, 'Ntep', '::1', -5, 'Mise à jour de la checkliste de résiliation № 1', '2024-05-11 13:00:54'),
(60, 1, 'Ntep', '::1', 4, 'Mise en favori du contrat № 1', '2024-05-11 13:03:12'),
(61, 1, 'Ntep', '::1', -4, 'Suppression en favori du contrat № 1', '2024-05-11 13:03:13'),
(62, 1, 'Ntep', '::1', -4, 'Suppression en favori du contrat № 1', '2024-05-11 13:03:14'),
(63, 1, 'Ntep', '::1', 3, 'Modification du contrat № 1', '2024-05-11 13:03:18'),
(64, 1, 'Ntep', '::1', 4, 'Mise en favori du contrat № 1', '2024-05-11 13:07:38'),
(65, 1, 'Ntep', '::1', 4, 'Mise en favori du contrat № 2', '2024-05-11 13:07:40'),
(66, 1, 'Ntep', '::1', 4, 'Mise en favori du contrat № 3', '2024-05-11 13:07:41'),
(67, 1, 'Ntep', '::1', 1, 'Connexion sur la plateforme!', '2024-05-13 07:53:13'),
(68, 1, 'Ntep', '::1', 1, 'Connexion sur la plateforme!', '2024-05-13 08:46:43'),
(69, 1, 'Ntep', '::1', 1, 'Connexion sur la plateforme!', '2024-05-13 10:13:50'),
(70, 1, 'Ntep', '::1', 2, 'Ajout du nouveau contrat № 16', '2024-05-13 11:59:17'),
(71, 1, 'Ntep', '::1', 2, 'Ajout du nouveau contrat № 17', '2024-05-13 14:45:57'),
(72, 1, 'Ntep', '::1', 5, 'Mise à jour de la checkliste d\'adhésion № 17', '2024-05-13 14:47:38'),
(73, 1, 'Ntep', '::1', 3, 'Modification du contrat № 1', '2024-05-13 15:17:40'),
(74, 1, 'Ntep', '::1', 3, 'Modification du contrat № 2', '2024-05-13 15:18:15'),
(75, 1, 'Ntep', '::1', 3, 'Modification du contrat № 3', '2024-05-13 15:18:42'),
(76, 1, 'Ntep', '::1', 3, 'Modification du contrat № 17', '2024-05-13 15:54:04'),
(77, 1, 'Ntep', '::1', 1, 'Connexion sur la plateforme!', '2024-05-13 15:55:34'),
(78, 1, 'Ntep', '::1', 1, 'Connexion sur la plateforme!', '2024-05-13 15:58:08'),
(79, 1, 'Ntep', '::1', 1, 'Connexion sur la plateforme!', '2024-05-13 16:05:41'),
(80, 1, 'Ntep', '::1', 1, 'Connexion sur la plateforme!', '2024-05-13 16:09:57'),
(81, 1, 'Ntep', '::1', 1, 'Connexion sur la plateforme!', '2024-05-13 16:12:15'),
(82, 1, 'Ntep', '::1', 1, 'Connexion sur la plateforme!', '2024-05-13 16:33:37'),
(83, 1, 'Ntep', '::1', 1, 'Connexion sur la plateforme!', '2024-05-13 16:41:49'),
(84, 1, 'Ntep', '::1', 1, 'Connexion sur la plateforme!', '2024-05-13 21:13:21'),
(85, 1, 'Ntep', '::1', 1, 'Connexion sur la plateforme!', '2024-05-13 22:40:52'),
(86, 1, 'Ntep', '::1', 4, 'Mise en favori du contrat № 8', '2024-05-13 22:59:18'),
(87, 1, 'Ntep', '::1', 4, 'Mise en favori du contrat № 11', '2024-05-13 22:59:22'),
(88, 1, 'Ntep', '::1', 1, 'Connexion sur la plateforme!', '2024-05-14 08:25:06'),
(89, 1, 'Ntep', '::1', 1, 'Connexion sur la plateforme!', '2024-05-14 08:56:25'),
(90, 1, 'Ntep', '::1', 1, 'Connexion sur la plateforme!', '2024-05-14 08:57:45'),
(91, 1, 'Ntep', '::1', 4, 'Mise en favori du contrat № null', '2024-05-14 09:14:43'),
(92, 1, 'Ntep', '::1', 4, 'Mise en favori du contrat № null', '2024-05-14 09:15:24'),
(93, 1, 'Ntep', '::1', 4, 'Mise en favori du contrat № null', '2024-05-14 09:26:06'),
(94, 1, 'Ntep', '::1', 4, 'Mise en favori du contrat № null', '2024-05-14 09:26:08'),
(95, 1, 'Ntep', '::1', 4, 'Mise en favori du contrat № null', '2024-05-14 09:26:10'),
(96, 1, 'Ntep', '::1', 4, 'Mise en favori du contrat № null', '2024-05-14 09:27:16'),
(97, 1, 'Ntep', '::1', 4, 'Mise en favori du contrat № null', '2024-05-14 09:27:18'),
(98, 1, 'Ntep', '::1', 4, 'Mise en favori du contrat № null', '2024-05-14 09:28:35'),
(99, 1, 'Ntep', '::1', 4, 'Mise en favori du contrat № null', '2024-05-14 09:28:36'),
(100, 1, 'Ntep', '::1', 4, 'Mise en favori du contrat № null', '2024-05-14 09:28:37'),
(101, 1, 'Ntep', '::1', 4, 'Mise en favori du contrat № null', '2024-05-14 09:28:52'),
(102, 1, 'Ntep', '::1', 4, 'Mise en favori du contrat № null', '2024-05-14 09:29:21'),
(103, 1, 'Ntep', '::1', 4, 'Mise en favori du contrat № null', '2024-05-14 09:29:21'),
(104, 1, 'Ntep', '::1', 4, 'Mise en favori du contrat № null', '2024-05-14 09:29:22'),
(105, 1, 'Ntep', '::1', 4, 'Mise en favori du contrat № null', '2024-05-14 09:29:23'),
(106, 1, 'Ntep', '::1', 4, 'Mise en favori du contrat № 5', '2024-05-14 09:30:10'),
(107, 1, 'Ntep', '::1', -4, 'Suppression en favori du contrat № 5', '2024-05-14 09:30:17'),
(108, 1, 'Ntep', '::1', -4, 'Suppression en favori du contrat № 5', '2024-05-14 09:30:18'),
(109, 1, 'Ntep', '::1', -4, 'Suppression en favori du contrat № 5', '2024-05-14 09:30:19'),
(110, 1, 'Ntep', '::1', -4, 'Suppression en favori du contrat № 5', '2024-05-14 09:30:19'),
(111, 1, 'Ntep', '::1', -4, 'Suppression en favori du contrat № 5', '2024-05-14 09:30:26'),
(112, 1, 'Ntep', '::1', 4, 'Mise en favori du contrat № 6', '2024-05-14 09:30:28'),
(113, 1, 'Ntep', '::1', -4, 'Suppression en favori du contrat № 6', '2024-05-14 09:30:29'),
(114, 1, 'Ntep', '::1', 4, 'Mise en favori du contrat № null', '2024-05-14 09:36:40'),
(115, 1, 'Ntep', '::1', 1, 'Connexion sur la plateforme!', '2024-05-14 11:09:26'),
(116, 1, 'Ntep', '::1', 1, 'Connexion sur la plateforme!', '2024-05-14 11:23:16'),
(117, 1, 'Ntep', '::1', -1, 'Déconnexion de la plateforme!', '2024-05-14 14:53:40'),
(118, 1, 'Ntep', '::1', 1, 'Connexion sur la plateforme!', '2024-05-14 14:53:46'),
(119, 1, 'Ntep', '::1', 1, 'Connexion sur la plateforme!', '2024-05-14 14:54:15'),
(120, 2, 'Mme Gadeu', '::1', 1, 'Connexion sur la plateforme!', '2024-05-14 14:58:38'),
(121, 1, 'Ntep', '::1', 1, 'Connexion sur la plateforme!', '2024-05-14 21:51:55'),
(122, 1, 'Ntep', '::1', 2, 'Ajout du nouveau contrat № 18', '2024-05-14 22:32:31'),
(123, 1, 'Ntep', '::1', -1, 'Déconnexion de la plateforme!', '2024-05-14 23:01:40'),
(124, 4, 'Mr Tsafack', '::1', 1, 'Connexion sur la plateforme!', '2024-05-14 23:15:40'),
(125, 4, 'Mr Tsafack', '::1', 1, 'Connexion sur la plateforme!', '2024-05-15 00:16:44'),
(126, 4, 'Mr Tsafack', '::1', -1, 'Déconnexion de la plateforme!', '2024-05-15 00:19:28'),
(127, 2, 'Mme Gadeu', '::1', 1, 'Connexion sur la plateforme!', '2024-05-15 00:19:36'),
(128, 1, 'Ntep', '::1', 1, 'Connexion sur la plateforme!', '2024-05-15 07:05:50'),
(129, 1, 'Ntep', '::1', -1, 'Déconnexion de la plateforme!', '2024-05-15 15:32:45'),
(130, 4, 'Mr Tsafack', '::1', 1, 'Connexion sur la plateforme!', '2024-05-15 15:35:32'),
(131, 4, 'Mr Tsafack', '::1', -5, 'Mise à jour de la checkliste de résiliation № 3', '2024-05-15 16:41:26'),
(132, 4, 'Mr Tsafack', '::1', -1, 'Déconnexion de la plateforme!', '2024-05-15 16:41:35'),
(133, 1, 'Ntep', '::1', 1, 'Connexion sur la plateforme!', '2024-05-15 16:41:40'),
(134, 1, 'Ntep', '::1', -1, 'Déconnexion de la plateforme!', '2024-05-15 16:47:06'),
(135, 1, 'Ntep', '::1', 1, 'Connexion sur la plateforme!', '2024-05-15 16:48:56'),
(136, 1, 'Ntep', '::1', 2, 'Ajout du nouveau contrat № 19', '2024-05-15 16:50:12'),
(137, 1, 'Ntep', '::1', 3, 'Modification du contrat № 19', '2024-05-15 16:50:57'),
(138, 1, 'Ntep', '::1', 5, 'Mise à jour de la checkliste d\'adhésion № 19', '2024-05-15 16:51:24'),
(139, 1, 'Ntep', '::1', -4, 'Suppression en favori du contrat № 2', '2024-05-15 16:52:40'),
(140, 1, 'Ntep', '::1', -4, 'Suppression en favori du contrat № 2', '2024-05-15 16:52:41'),
(141, 1, 'Ntep', '::1', -4, 'Suppression en favori du contrat № 2', '2024-05-15 16:52:44'),
(142, 1, 'Ntep', '::1', 4, 'Mise en favori du contrat № 5', '2024-05-15 16:52:46'),
(143, 1, 'Ntep', '::1', -4, 'Suppression en favori du contrat № 5', '2024-05-15 16:52:47'),
(144, 1, 'Ntep', '::1', -1, 'Déconnexion de la plateforme!', '2024-05-15 16:54:31'),
(145, 1, 'Ntep', '::1', 1, 'Connexion sur la plateforme!', '2024-05-15 16:58:50'),
(146, 1, 'Ntep', '::1', 4, 'Mise en favori du contrat № 2', '2024-05-15 17:10:44'),
(147, 1, 'Ntep', '::1', -4, 'Suppression en favori du contrat № 2', '2024-05-15 17:10:46'),
(148, 1, 'Ntep', '::1', -4, 'Suppression en favori du contrat № 8', '2024-05-15 17:11:06'),
(149, 1, 'Ntep', '::1', -4, 'Suppression en favori du contrat № 8', '2024-05-15 17:14:03'),
(150, 1, 'Ntep', '::1', 4, 'Mise en favori du contrat № 8', '2024-05-15 17:14:31'),
(151, 1, 'Ntep', '::1', -4, 'Suppression en favori du contrat № 8', '2024-05-15 17:14:34'),
(152, 1, 'Ntep', '::1', 4, 'Mise en favori du contrat № 5', '2024-05-15 17:16:16'),
(153, 1, 'Ntep', '::1', -4, 'Suppression en favori du contrat № 5', '2024-05-15 17:16:17'),
(154, 1, 'Ntep', '::1', 4, 'Mise en favori du contrat № 6', '2024-05-15 17:16:32'),
(155, 1, 'Ntep', '::1', -4, 'Suppression en favori du contrat № 6', '2024-05-15 17:16:41'),
(156, 1, 'Ntep', '::1', -4, 'Suppression en favori du contrat № 8', '2024-05-15 17:17:05'),
(157, 1, 'Ntep', '::1', -4, 'Suppression en favori du contrat № 8', '2024-05-15 17:17:07'),
(158, 1, 'Ntep', '::1', 4, 'Mise en favori du contrat № 7', '2024-05-15 17:17:10'),
(159, 1, 'Ntep', '::1', -4, 'Suppression en favori du contrat № 7', '2024-05-15 17:17:11'),
(160, 1, 'Ntep', '::1', 4, 'Mise en favori du contrat № 2', '2024-05-15 17:17:26'),
(161, 1, 'Ntep', '::1', 4, 'Mise en favori du contrat № 14', '2024-05-15 17:17:30'),
(162, 1, 'Ntep', '::1', -4, 'Suppression en favori du contrat № 14', '2024-05-15 17:17:31'),
(163, 1, 'Ntep', '::1', 1, 'Connexion sur la plateforme!', '2024-05-16 08:28:42'),
(164, 1, 'Ntep', '::1', -1, 'Déconnexion de la plateforme!', '2024-05-16 08:31:39'),
(165, 4, 'Mr Tsafack', '::1', 1, 'Connexion sur la plateforme!', '2024-05-16 08:31:47'),
(166, 4, 'Mr Tsafack', '::1', 2, 'Ajout du nouveau contrat № 20', '2024-05-16 08:35:29'),
(167, 4, 'Mr Tsafack', '::1', 3, 'Modification du contrat № 20', '2024-05-16 08:45:30'),
(168, 4, 'Mr Tsafack', '::1', 3, 'Modification du contrat № 20', '2024-05-16 08:46:03'),
(169, 4, 'Mr Tsafack', '::1', 5, 'Mise à jour de la checkliste d\'adhésion № 13', '2024-05-16 08:54:14'),
(170, 4, 'Mr Tsafack', '::1', 6, 'Ajout du dossier № 17 en résiliation', '2024-05-16 09:06:34'),
(171, 4, 'Mr Tsafack', '::1', -5, 'Mise à jour de la checkliste de résiliation № 1', '2024-05-16 09:06:54'),
(172, 4, 'Mr Tsafack', '::1', 6, 'Ajout du dossier № 11 en résiliation', '2024-05-16 09:07:55'),
(173, 4, 'Mr Tsafack', '::1', -5, 'Mise à jour de la checkliste de résiliation № 11', '2024-05-16 09:08:14'),
(174, 4, 'Mr Tsafack', '::1', 5, 'Mise à jour de la checkliste d\'adhésion № 5', '2024-05-16 09:10:51'),
(175, 4, 'Mr Tsafack', '::1', 6, 'Ajout du dossier № 5 en résiliation', '2024-05-16 09:11:14'),
(176, 4, 'Mr Tsafack', '::1', 2, 'Ajout du nouveau contrat № 21', '2024-05-16 09:13:13'),
(177, 4, 'Mr Tsafack', '::1', 5, 'Mise à jour de la checkliste d\'adhésion № 21', '2024-05-16 09:13:34'),
(178, 4, 'Mr Tsafack', '::1', 6, 'Ajout du dossier № 21 en résiliation', '2024-05-16 09:14:01'),
(179, 4, 'Mr Tsafack', '::1', 1, 'Connexion sur la plateforme!', '2024-05-16 09:14:38'),
(180, 4, 'Mr Tsafack', '::1', 2, 'Ajout du nouveau contrat № 22', '2024-05-16 09:15:40'),
(181, 4, 'Mr Tsafack', '::1', 5, 'Mise à jour de la checkliste d\'adhésion № 10', '2024-05-16 09:17:09'),
(182, 4, 'Mr Tsafack', '::1', 5, 'Mise à jour de la checkliste d\'adhésion № 16', '2024-05-16 09:17:27'),
(183, 4, 'Mr Tsafack', '::1', 6, 'Ajout du dossier № 16 en résiliation', '2024-05-16 09:17:49'),
(184, 4, 'Mr Tsafack', '::1', -5, 'Mise à jour de la checkliste de résiliation № 16', '2024-05-16 09:18:12'),
(185, 4, 'Mr Tsafack', '::1', 6, 'Ajout du dossier № 10 en résiliation', '2024-05-16 09:19:56'),
(186, 4, 'Mr Tsafack', '::1', 5, 'Mise à jour de la checkliste d\'adhésion № 15', '2024-05-16 09:20:36'),
(187, 4, 'Mr Tsafack', '::1', 6, 'Ajout du dossier № 15 en résiliation', '2024-05-16 09:20:49'),
(188, 6, 'Mme Kapche', '::1', 1, 'Connexion sur la plateforme!', '2024-05-16 09:22:29'),
(189, 6, 'Mme Kapche', '::1', 6, 'Ajout du dossier № 12 en résiliation', '2024-05-16 09:23:28'),
(190, 6, 'Mme Kapche', '::1', 3, 'Modification du contrat № 21', '2024-05-16 09:24:45'),
(191, 6, 'Mme Kapche', '::1', 3, 'Modification du contrat № 5', '2024-05-16 09:25:06'),
(192, 6, 'Mme Kapche', '::1', 5, 'Mise à jour de la checkliste d\'adhésion № 8', '2024-05-16 09:25:32'),
(193, 6, 'Mme Kapche', '::1', 5, 'Mise à jour de la checkliste d\'adhésion № 2', '2024-05-16 09:25:47'),
(194, 6, 'Mme Kapche', '::1', -1, 'Déconnexion de la plateforme!', '2024-05-16 10:11:05'),
(195, 1, 'Ntep', '::1', 1, 'Connexion sur la plateforme!', '2024-05-16 10:11:09'),
(196, 1, 'Ntep', '::1', 1, 'Connexion sur la plateforme!', '2024-05-16 10:15:23'),
(197, 1, 'Ntep', '::1', 1, 'Connexion sur la plateforme!', '2024-05-16 14:07:49'),
(198, 1, 'Ntep', '::1', 5, 'Mise à jour de la checkliste d\'adhésion № 18', '2024-05-16 14:29:07'),
(199, 1, 'Ntep', '::1', 5, 'Mise à jour de la checkliste d\'adhésion № 22', '2024-05-16 14:29:23'),
(200, 1, 'Ntep', '::1', 3, 'Modification du contrat № 10', '2024-05-16 14:31:28'),
(201, 1, 'Ntep', '::1', 3, 'Modification du contrat № 13', '2024-05-16 14:32:39'),
(202, 1, 'Ntep', '::1', 5, 'Mise à jour de la checkliste d\'adhésion № 19', '2024-05-16 14:34:19'),
(203, 1, 'Ntep', '::1', -1, 'Déconnexion de la plateforme!', '2024-05-16 14:43:25'),
(204, 2, 'Mme Gadeu', '::1', 1, 'Connexion sur la plateforme!', '2024-05-16 14:43:32'),
(205, 2, 'Mme Gadeu', '::1', 3, 'Modification du contrat № 2', '2024-05-16 14:45:35'),
(206, 2, 'Mme Gadeu', '::1', 3, 'Modification du contrat № 8', '2024-05-16 14:46:00'),
(207, 2, 'Mme Gadeu', '::1', 5, 'Mise à jour de la checkliste d\'adhésion № 7', '2024-05-16 14:46:38'),
(208, 2, 'Mme Gadeu', '::1', 3, 'Modification du contrat № 7', '2024-05-16 14:48:05'),
(209, 2, 'Mme Gadeu', '::1', -1, 'Déconnexion de la plateforme!', '2024-05-16 14:52:08'),
(210, 1, 'Ntep', '::1', 1, 'Connexion sur la plateforme!', '2024-05-16 14:52:13'),
(211, 1, 'Ntep', '::1', 1, 'Connexion sur la plateforme!', '2024-05-16 15:02:53'),
(212, 1, 'Ntep', '::1', 3, 'Modification du contrat № 7', '2024-05-16 15:04:28'),
(213, 1, 'Ntep', '::1', 3, 'Modification du contrat № 11', '2024-05-16 15:08:22'),
(214, 1, 'Ntep', '::1', 3, 'Modification du contrat № 18', '2024-05-16 15:12:22'),
(215, 1, 'Ntep', '::1', 3, 'Modification du contrat № 18', '2024-05-16 15:13:16'),
(216, 1, 'Ntep', '::1', -1, 'Déconnexion de la plateforme!', '2024-05-16 16:05:08'),
(217, 3, 'Mr Thierry', '::1', 1, 'Connexion sur la plateforme!', '2024-05-16 16:05:14'),
(218, 3, 'Mr Thierry', '::1', -1, 'Déconnexion de la plateforme!', '2024-05-16 16:22:08'),
(219, 2, 'Mme Gadeu', '::1', 1, 'Connexion sur la plateforme!', '2024-05-16 16:22:21'),
(220, 2, 'Mme Gadeu', '::1', -1, 'Déconnexion de la plateforme!', '2024-05-16 16:22:44'),
(221, 1, 'Ntep', '::1', 1, 'Connexion sur la plateforme!', '2024-05-16 16:22:51'),
(222, 1, 'Ntep', '::1', 1, 'Connexion sur la plateforme!', '2024-05-16 16:50:12'),
(223, 1, 'Ntep', '::1', 1, 'Connexion sur la plateforme!', '2024-05-17 00:30:37'),
(224, 1, 'Ntep', '::1', 1, 'Connexion sur la plateforme!', '2024-05-17 00:42:44'),
(225, 1, 'Ntep', '::1', 3, 'Modification du contrat № 3', '2024-05-17 00:46:37'),
(226, 1, 'Ntep', '::1', 4, 'Mise en favori du contrat № 21', '2024-05-17 00:47:43'),
(227, 1, 'Ntep', '::1', -4, 'Suppression en favori du contrat № 21', '2024-05-17 00:47:45'),
(228, 1, 'Ntep', '::1', -4, 'Suppression en favori du contrat № 21', '2024-05-17 00:49:52'),
(229, 1, 'Ntep', '::1', -4, 'Suppression en favori du contrat № 21', '2024-05-17 00:51:40'),
(230, 1, 'Ntep', '::1', -4, 'Suppression en favori du contrat № 21', '2024-05-17 00:52:54'),
(231, 1, 'Ntep', '::1', 1, 'Connexion sur la plateforme!', '2024-05-17 00:53:30'),
(232, 1, 'Ntep', '::1', -4, 'Suppression en favori du contrat № 1', '2024-05-17 00:54:15'),
(233, 1, 'Ntep', '::1', -4, 'Suppression en favori du contrat № 1', '2024-05-17 00:55:45'),
(234, 1, 'Ntep', '::1', -4, 'Suppression en favori du contrat № 1', '2024-05-17 00:56:39'),
(235, 1, 'Ntep', '::1', 4, 'Mise en favori du contrat № 21', '2024-05-17 00:57:03'),
(236, 1, 'Ntep', '::1', -4, 'Suppression en favori du contrat № 21', '2024-05-17 00:57:05'),
(237, 1, 'Ntep', '::1', 4, 'Mise en favori du contrat № 21', '2024-05-17 00:57:36'),
(238, 1, 'Ntep', '::1', -4, 'Suppression en favori du contrat № 21', '2024-05-17 00:57:37'),
(239, 1, 'Ntep', '::1', 4, 'Mise en favori du contrat № 22', '2024-05-17 00:58:10'),
(240, 1, 'Ntep', '::1', -4, 'Suppression en favori du contrat № 22', '2024-05-17 00:58:11'),
(241, 1, 'Ntep', '::1', 4, 'Mise en favori du contrat № 21', '2024-05-17 00:58:12'),
(242, 1, 'Ntep', '::1', 1, 'Connexion sur la plateforme!', '2024-05-17 06:56:05'),
(243, 1, 'Ntep', '::1', 1, 'Connexion sur la plateforme!', '2024-05-17 07:01:51'),
(244, 1, 'Ntep', '::1', 1, 'Connexion sur la plateforme!', '2024-05-17 07:02:37'),
(245, 1, 'Ntep', '::1', -1, 'Déconnexion de la plateforme!', '2024-05-17 07:53:32'),
(246, 1, 'Ntep', '::1', 1, 'Connexion sur la plateforme!', '2024-05-17 07:55:44'),
(247, 1, 'Ntep', '::1', -1, 'Déconnexion de la plateforme!', '2024-05-17 08:53:27'),
(248, 3, 'Mr Thierry', '::1', 1, 'Connexion sur la plateforme!', '2024-05-17 08:53:59'),
(249, 1, 'Ntep', '::1', -1, 'Déconnexion de la plateforme!', '2024-05-17 09:00:36'),
(250, 3, 'Mr Thierry', '::1', 1, 'Connexion sur la plateforme!', '2024-05-17 09:00:50'),
(251, 3, 'Mr Thierry', '::1', 2, 'Ajout du nouveau contrat № 23', '2024-05-17 09:04:20'),
(252, 3, 'Mr Thierry', '::1', 5, 'Mise à jour de la checkliste d\'adhésion № 23', '2024-05-17 09:04:44'),
(253, 3, 'Mr Thierry', '::1', 2, 'Ajout du nouveau contrat № 24', '2024-05-17 09:07:21'),
(254, 3, 'Mr Thierry', '::1', 5, 'Mise à jour de la checkliste d\'adhésion № 24', '2024-05-17 09:08:00'),
(255, 3, 'Mr Thierry', '::1', 1, 'Connexion sur la plateforme!', '2024-05-17 09:09:02'),
(256, 3, 'Mr Thierry', '::1', 6, 'Ajout du dossier № 24 en résiliation', '2024-05-17 09:10:11'),
(257, 3, 'Mr Thierry', '::1', -5, 'Mise à jour de la checkliste de résiliation № 24', '2024-05-17 09:10:40'),
(258, 3, 'Mr Thierry', '::1', 3, 'Modification du contrat № 24', '2024-05-17 09:29:58'),
(259, 3, 'Mr Thierry', '::1', -1, 'Déconnexion de la plateforme!', '2024-05-17 09:30:20'),
(260, 4, 'Mr Tsafack', '::1', 1, 'Connexion sur la plateforme!', '2024-05-17 09:30:34'),
(261, 4, 'Mr Tsafack', '::1', 2, 'Ajout du nouveau contrat № 25', '2024-05-17 09:33:46'),
(262, 4, 'Mr Tsafack', '::1', 5, 'Mise à jour de la checkliste d\'adhésion № 25', '2024-05-17 09:35:56'),
(263, 3, 'Mr Thierry', '::1', 3, 'Modification du contrat № 16', '2024-05-17 09:44:46'),
(264, 4, 'Mr Tsafack', '::1', -1, 'Déconnexion de la plateforme!', '2024-05-17 09:45:03'),
(265, 1, 'Ntep', '::1', 1, 'Connexion sur la plateforme!', '2024-05-17 09:45:06'),
(266, 1, 'Ntep', '::1', 4, 'Mise en favori du contrat № 11', '2024-05-17 09:45:44'),
(267, 1, 'Ntep', '::1', -4, 'Suppression en favori du contrat № 23', '2024-05-17 09:45:49'),
(268, 1, 'Ntep', '::1', -4, 'Suppression en favori du contrat № 23', '2024-05-17 09:46:09'),
(269, 1, 'Ntep', '::1', 4, 'Mise en favori du contrat № 23', '2024-05-17 09:46:25'),
(270, 1, 'Ntep', '::1', -4, 'Suppression en favori du contrat № 23', '2024-05-17 09:46:26'),
(271, 1, 'Ntep', '::1', 4, 'Mise en favori du contrat № 23', '2024-05-17 09:46:27'),
(272, 1, 'Ntep', '::1', 2, 'Ajout du nouveau contrat № 26', '2024-05-17 10:02:36'),
(273, 3, 'Mr Thierry', '::1', 2, 'Ajout du nouveau contrat № 27', '2024-05-17 10:29:47'),
(274, 3, 'Mr Thierry', '::1', 3, 'Modification du contrat № 15', '2024-05-17 10:35:13'),
(275, 3, 'Mr Thierry', '::1', 3, 'Modification du contrat № 3', '2024-05-17 11:04:21'),
(276, 3, 'Mr Thierry', '::1', 3, 'Modification du contrat № 21', '2024-05-17 11:06:27'),
(277, 3, 'Mr Thierry', '::1', -1, 'Déconnexion de la plateforme!', '2024-05-17 11:09:51'),
(278, 1, 'Ntep', '::1', -1, 'Déconnexion de la plateforme!', '2024-05-17 11:09:55'),
(279, 5, 'Mr Yannick', '::1', 1, 'Connexion sur la plateforme!', '2024-05-17 11:10:05'),
(280, 1, 'Ntep', '::1', 1, 'Connexion sur la plateforme!', '2024-05-17 11:10:20'),
(281, 2, 'Mme Gadeu', '::1', 1, 'Connexion sur la plateforme!', '2024-05-17 11:40:40'),
(282, 1, 'Ntep', '::1', -4, 'Suppression en favori du contrat № 1', '2024-05-17 11:58:24'),
(283, 1, 'Ntep', '::1', -4, 'Suppression en favori du contrat № 1', '2024-05-17 11:58:44'),
(284, 1, 'Ntep', '::1', 4, 'Mise en favori du contrat № 1', '2024-05-17 11:58:45'),
(285, 2, 'Mme Gadeu', '::1', 5, 'Mise à jour de la checkliste d\'adhésion № 13', '2024-05-17 12:06:56'),
(286, 5, 'Mr Yannick', '::1', 2, 'Ajout du nouveau contrat № 28', '2024-05-17 14:57:08'),
(287, 5, 'Mr Yannick', '::1', 5, 'Mise à jour de la checkliste d\'adhésion № 28', '2024-05-17 14:58:06'),
(288, 5, 'Mr Yannick', '::1', 3, 'Modification du contrat № 28', '2024-05-17 15:00:26'),
(289, 5, 'Mr Yannick', '::1', 3, 'Modification du contrat № 28', '2024-05-17 15:00:46'),
(290, 5, 'Mr Yannick', '::1', 2, 'Ajout du nouveau contrat № 29', '2024-05-17 15:08:55'),
(291, 5, 'Mr Yannick', '::1', 5, 'Mise à jour de la checkliste d\'adhésion № 29', '2024-05-17 15:09:20'),
(292, 5, 'Mr Yannick', '::1', -1, 'Déconnexion de la plateforme!', '2024-05-17 15:10:37'),
(293, 3, 'Mr Thierry', '::1', 1, 'Connexion sur la plateforme!', '2024-05-17 15:11:42'),
(294, 3, 'Mr Thierry', '::1', 2, 'Ajout du nouveau contrat № 30', '2024-05-17 15:15:29'),
(295, 3, 'Mr Thierry', '::1', 5, 'Mise à jour de la checkliste d\'adhésion № 30', '2024-05-17 15:16:14'),
(296, 3, 'Mr Thierry', '::1', 3, 'Modification du contrat № 30', '2024-05-17 15:17:29'),
(297, 3, 'Mr Thierry', '::1', 6, 'Ajout du dossier № 30 en résiliation', '2024-05-17 15:19:20'),
(298, 3, 'Mr Thierry', '::1', 3, 'Modification du contrat № 29', '2024-05-17 15:27:32'),
(299, 3, 'Mr Thierry', '::1', 3, 'Modification du contrat № 25', '2024-05-17 15:28:19'),
(300, 3, 'Mr Thierry', '::1', 2, 'Ajout du nouveau contrat № 31', '2024-05-17 16:20:53'),
(301, 3, 'Mr Thierry', '::1', -1, 'Déconnexion de la plateforme!', '2024-05-17 16:59:38'),
(302, 2, 'Mme Gadeu', '::1', -1, 'Déconnexion de la plateforme!', '2024-05-17 16:59:49'),
(303, 1, 'Ntep', '::1', -1, 'Déconnexion de la plateforme!', '2024-05-17 17:01:15'),
(304, 1, 'Ntep', '::1', 1, 'Connexion sur la plateforme!', '2024-05-18 07:50:31'),
(305, 1, 'Ntep', '::1', -1, 'Déconnexion de la plateforme!', '2024-05-18 08:28:02'),
(306, 1, 'Ntep', '::1', 1, 'Connexion sur la plateforme!', '2024-05-18 08:28:09'),
(307, 1, 'Ntep', '::1', -1, 'Déconnexion de la plateforme!', '2024-05-18 09:11:38'),
(308, 1, 'Ntep', '::1', 1, 'Connexion sur la plateforme!', '2024-05-18 09:52:17'),
(309, 1, 'Ntep', '::1', -1, 'Déconnexion de la plateforme!', '2024-05-18 09:57:28'),
(310, 1, 'Ntep', '::1', 1, 'Connexion sur la plateforme!', '2024-05-18 12:55:53'),
(311, 1, 'Ntep', '::1', 1, 'Connexion sur la plateforme!', '2024-05-18 12:56:53'),
(312, 1, 'Ntep', '::1', 1, 'Connexion sur la plateforme!', '2024-05-20 13:22:51'),
(313, 1, 'Ntep', '::1', 1, 'Connexion sur la plateforme!', '2024-05-20 13:41:00'),
(314, 1, 'Ntep', '::1', 1, 'Connexion sur la plateforme!', '2024-05-21 07:05:19'),
(315, 2, 'Mme Gadeu', '::1', 1, 'Connexion sur la plateforme!', '2024-05-21 08:25:25'),
(316, 2, 'Mme Gadeu', '::1', 1, 'Connexion sur la plateforme!', '2024-05-21 10:38:43'),
(317, 2, 'Mme Gadeu', '::1', 5, 'Mise à jour de la checkliste d\'adhésion № 22', '2024-05-21 10:39:04'),
(318, 2, 'Mme Gadeu', '::1', 5, 'Mise à jour de la checkliste d\'adhésion № 22', '2024-05-21 10:40:39'),
(319, 2, 'Mme Gadeu', '::1', 5, 'Mise à jour de la checkliste d\'adhésion № 20', '2024-05-21 10:42:31'),
(320, 2, 'Mme Gadeu', '::1', 5, 'Mise à jour de la checkliste d\'adhésion № 20', '2024-05-21 10:43:51'),
(321, 2, 'Mme Gadeu', '::1', 5, 'Mise à jour de la checkliste d\'adhésion № 20', '2024-05-21 10:45:12'),
(322, 2, 'Mme Gadeu', '::1', 5, 'Mise à jour de la checkliste d\'adhésion № 22', '2024-05-21 10:45:57'),
(323, 2, 'Mme Gadeu', '::1', 5, 'Mise à jour de la checkliste d\'adhésion № 22', '2024-05-21 11:00:01'),
(324, 2, 'Mme Gadeu', '::1', -1, 'Déconnexion de la plateforme!', '2024-05-21 15:33:05'),
(325, 2, 'Mme Gadeu', '::1', 1, 'Connexion sur la plateforme!', '2024-05-21 16:06:21'),
(326, 1, 'Ntep', '::1', 1, 'Connexion sur la plateforme!', '2024-05-21 16:40:19'),
(327, 2, 'Mme Gadeu', '::1', 1, 'Connexion sur la plateforme!', '2024-05-21 16:42:02'),
(328, 2, 'Mme Gadeu', '::1', -1, 'Déconnexion de la plateforme!', '2024-05-21 17:14:36'),
(329, 1, 'Ntep', '::1', -1, 'Déconnexion de la plateforme!', '2024-05-21 17:15:18'),
(330, 2, 'Mme Gadeu', '::1', 1, 'Connexion sur la plateforme!', '2024-05-22 07:10:04'),
(331, 3, 'Mr Thierry', '::1', 1, 'Connexion sur la plateforme!', '2024-05-22 07:40:43'),
(332, 4, 'Mr Tsafack', '::1', 1, 'Connexion sur la plateforme!', '2024-05-22 07:43:09'),
(333, 6, 'Mme Kapche', '::1', 1, 'Connexion sur la plateforme!', '2024-05-22 09:07:19'),
(334, 2, 'Mme Gadeu', '::1', 1, 'Connexion sur la plateforme!', '2024-05-22 09:39:42'),
(335, 2, 'Mme Gadeu', '::1', -1, 'Déconnexion de la plateforme!', '2024-05-22 09:39:58'),
(336, 2, 'Mme Gadeu', '::1', 1, 'Connexion sur la plateforme!', '2024-05-22 09:42:35'),
(337, 6, 'Mme Kapche', '::1', -5, 'Mise à jour de la checkliste de résiliation № 1', '2024-05-22 14:44:53'),
(338, 6, 'Mme Kapche', '::1', -5, 'Mise à jour de la checkliste de résiliation № 9', '2024-05-22 14:46:00'),
(339, 4, 'Mr Tsafack', '::1', 1, 'Connexion sur la plateforme!', '2024-05-22 14:57:02'),
(340, 4, 'Mr Tsafack', '::1', -5, 'Mise à jour de la checkliste de résiliation № 6', '2024-05-22 14:58:13'),
(341, 4, 'Mr Tsafack', '::1', -1, 'Déconnexion de la plateforme!', '2024-05-22 15:13:24'),
(342, 1, 'Ntep', '::1', 1, 'Connexion sur la plateforme!', '2024-05-22 15:13:31'),
(343, 1, 'Ntep', '::1', -1, 'Déconnexion de la plateforme!', '2024-05-22 15:19:06'),
(344, 1, 'Ntep', '::1', 1, 'Connexion sur la plateforme!', '2024-05-22 15:21:31'),
(345, 6, 'Mme Kapche', '::1', -1, 'Déconnexion de la plateforme!', '2024-05-22 17:02:57'),
(346, 1, 'Ntep', '::1', 1, 'Connexion sur la plateforme!', '2024-05-23 07:06:21'),
(347, 1, 'Ntep', '::1', -1, 'Déconnexion de la plateforme!', '2024-05-23 07:07:46'),
(348, 1, 'Ntep', '::1', 1, 'Connexion sur la plateforme!', '2024-05-23 07:56:14'),
(349, 1, 'Ntep', '::1', 2, 'Ajout du nouveau contrat № 32', '2024-05-23 08:09:24'),
(350, 1, 'Ntep', '::1', 5, 'Mise à jour de la checkliste d\'adhésion № 13', '2024-05-23 08:14:33'),
(351, 1, 'Ntep', '::1', 6, 'Ajout du dossier № 32 en résiliation', '2024-05-23 08:20:48'),
(352, 1, 'Ntep', '::1', -5, 'Mise à jour de la checkliste de résiliation № 5', '2024-05-23 08:21:28'),
(353, 1, 'Ntep', '::1', -1, 'Déconnexion de la plateforme!', '2024-05-23 08:34:40'),
(354, 1, 'Ntep', '::1', 1, 'Connexion sur la plateforme!', '2024-05-23 08:43:12'),
(355, 1, 'Ntep', '::1', 1, 'Connexion sur la plateforme!', '2024-05-23 08:43:44'),
(356, 1, 'Ntep', '::1', -4, 'Suppression en favori du contrat № 2', '2024-05-23 08:44:04'),
(357, 1, 'Ntep', '::1', 4, 'Mise en favori du contrat № 2', '2024-05-23 08:44:05'),
(358, 2, 'Mme Gadeu', '::1', 1, 'Connexion sur la plateforme!', '2024-05-23 09:44:57'),
(359, 2, 'Mme Gadeu', '::1', 5, 'Mise à jour de la checkliste d\'adhésion № 26', '2024-05-23 10:18:44'),
(360, 1, 'Ntep', '::1', -4, 'Suppression en favori du contrat № 1', '2024-05-23 10:34:51'),
(361, 2, 'Mme Gadeu', '::1', -4, 'Suppression en favori du contrat № 5', '2024-05-23 11:03:15'),
(362, 2, 'Mme Gadeu', '::1', 4, 'Mise en favori du contrat № 2', '2024-05-23 11:03:20'),
(363, 2, 'Mme Gadeu', '::1', -4, 'Suppression en favori du contrat № 2', '2024-05-23 11:03:32'),
(364, 2, 'Mme Gadeu', '::1', 4, 'Mise en favori du contrat № 2', '2024-05-23 11:03:33'),
(365, 2, 'Mme Gadeu', '::1', -4, 'Suppression en favori du contrat № 2', '2024-05-23 11:03:34'),
(366, 2, 'Mme Gadeu', '::1', -1, 'Déconnexion de la plateforme!', '2024-05-23 11:05:55'),
(367, 2, 'Mme Gadeu', '::1', 1, 'Connexion sur la plateforme!', '2024-05-23 11:06:02'),
(368, 2, 'Mme Gadeu', '::1', -4, 'Suppression en favori du contrat № 29', '2024-05-23 11:14:54'),
(369, 2, 'Mme Gadeu', '::1', 4, 'Mise en favori du contrat № 29', '2024-05-23 11:14:56'),
(370, 2, 'Mme Gadeu', '::1', -4, 'Suppression en favori du contrat № 29', '2024-05-23 11:14:58'),
(371, 2, 'Mme Gadeu', '::1', 4, 'Mise en favori du contrat № 29', '2024-05-23 11:15:02'),
(372, 2, 'Mme Gadeu', '::1', -4, 'Suppression en favori du contrat № 29', '2024-05-23 11:15:03'),
(373, 1, 'Ntep', '::1', -1, 'Déconnexion de la plateforme!', '2024-05-23 11:46:36'),
(374, 1, 'Ntep', '::1', 1, 'Connexion sur la plateforme!', '2024-05-23 11:46:41'),
(375, 2, 'Mme Gadeu', '::1', 1, 'Connexion sur la plateforme!', '2024-05-24 07:39:27'),
(376, 1, 'Ntep', '::1', 1, 'Connexion sur la plateforme!', '2024-05-24 09:57:03'),
(377, 1, 'Ntep', '::1', 1, 'Connexion sur la plateforme!', '2024-05-24 09:58:46'),
(378, 3, 'Mr Thierry', '::1', 1, 'Connexion sur la plateforme!', '2024-05-24 10:10:27'),
(379, 4, 'Mr Tsafack', '::1', 1, 'Connexion sur la plateforme!', '2024-05-24 10:18:33'),
(380, 1, 'Ntep', '::1', 1, 'Connexion sur la plateforme!', '2024-05-24 10:26:34'),
(381, 5, 'Mr Yannick', '::1', 1, 'Connexion sur la plateforme!', '2024-05-24 11:10:56'),
(382, 5, 'Mr Yannick', '::1', 1, 'Connexion sur la plateforme!', '2024-05-24 11:32:49'),
(383, 1, 'Ntep', '::1', 1, 'Connexion sur la plateforme!', '2024-05-24 11:49:01'),
(384, 5, 'Mr Yannick', '::1', -1, 'Déconnexion de la plateforme!', '2024-05-24 14:51:10'),
(385, 1, 'Ntep', '::1', -1, 'Déconnexion de la plateforme!', '2024-05-24 14:51:16'),
(386, 1, 'Ntep', '::1', 1, 'Connexion sur la plateforme!', '2024-05-24 15:01:30'),
(387, 1, 'Ntep', '::1', 1, 'Connexion sur la plateforme!', '2024-05-24 15:03:00'),
(388, 1, 'Ntep', '::1', 1, 'Connexion sur la plateforme!', '2024-05-24 15:04:30'),
(389, 1, 'Ntep', '::1', 1, 'Connexion sur la plateforme!', '2024-05-24 15:13:51'),
(390, 4, 'Mr Tsafack', '::1', 1, 'Connexion sur la plateforme!', '2024-05-24 16:04:05'),
(391, 1, 'Ntep', '::1', 1, 'Connexion sur la plateforme!', '2024-05-24 16:15:43'),
(392, 1, 'Ntep', '::1', 1, 'Connexion sur la plateforme!', '2024-05-25 08:13:50'),
(393, 1, 'Ntep', '::1', -1, 'Déconnexion de la plateforme!', '2024-05-25 08:30:59'),
(394, 1, 'Ntep', '::1', 1, 'Connexion sur la plateforme!', '2024-05-25 08:35:39'),
(395, 2, 'Mme Gadeu', '::1', 1, 'Connexion sur la plateforme!', '2024-05-25 08:50:30'),
(396, 1, 'Ntep', '::1', 3, 'Modification du contrat № 20', '2024-05-25 09:18:57'),
(397, 1, 'Ntep', '::1', 3, 'Modification du contrat № 20', '2024-05-25 09:25:08'),
(398, 1, 'Ntep', '::1', 3, 'Modification du contrat № 20', '2024-05-25 09:40:58'),
(399, 1, 'Ntep', '::1', 3, 'Modification du contrat № 18', '2024-05-25 09:41:57'),
(400, 1, 'Ntep', '::1', 3, 'Modification du contrat № 19', '2024-05-25 09:42:41'),
(401, 2, 'Mme Gadeu', '::1', 6, 'Ajout du dossier № 20 en résiliation', '2024-05-25 12:49:37'),
(402, 2, 'Mme Gadeu', '::1', 1, 'Connexion sur la plateforme!', '2024-05-26 13:45:45'),
(403, 2, 'Mme Gadeu', '::1', 1, 'Connexion sur la plateforme!', '2024-05-26 22:00:54'),
(404, 2, 'Mme Gadeu', '::1', 5, 'Mise à jour de la checkliste d\'adhésion № 27', '2024-05-26 22:32:51'),
(405, 2, 'Mme Gadeu', '::1', 3, 'Modification du contrat № 20', '2024-05-26 22:36:54'),
(406, 2, 'Mme Gadeu', '::1', 2, 'Ajout du nouveau contrat № 33', '2024-05-26 23:11:43'),
(407, 2, 'Mme Gadeu', '::1', 5, 'Mise à jour de la checkliste d\'adhésion № 33', '2024-05-26 23:17:11'),
(408, 2, 'Mme Gadeu', '::1', -5, 'Mise à jour de la checkliste de résiliation № 20', '2024-05-26 23:20:00'),
(409, 2, 'Mme Gadeu', '::1', 6, 'Ajout du dossier № 22 en résiliation', '2024-05-26 23:26:46'),
(410, 1, 'Ntep', '::1', 1, 'Connexion sur la plateforme!', '2024-05-26 23:43:50'),
(411, 2, 'Mme Gadeu', '::1', -1, 'Déconnexion de la plateforme!', '2024-05-27 09:54:20'),
(412, 1, 'Ntep', '::1', 1, 'Connexion sur la plateforme!', '2024-05-27 09:54:26'),
(413, 5, 'Mr Yannick', '::1', 1, 'Connexion sur la plateforme!', '2024-05-27 09:59:03'),
(414, 5, 'Mr Yannick', '::1', -1, 'Déconnexion de la plateforme!', '2024-05-27 10:00:32'),
(415, 1, 'Ntep', '::1', 1, 'Connexion sur la plateforme!', '2024-05-27 10:53:39'),
(416, 2, 'Mme Gadeu', '::1', 1, 'Connexion sur la plateforme!', '2024-05-27 12:21:44'),
(417, 2, 'Mme Gadeu', '::1', -4, 'Suppression en favori du contrat № 6', '2024-05-27 16:21:53'),
(418, 1, 'Ntep', '::1', 1, 'Connexion sur la plateforme!', '2024-05-28 00:05:18'),
(419, 1, 'Ntep', '::1', 1, 'Connexion sur la plateforme!', '2024-05-28 08:17:10'),
(420, 1, 'Ntep', '::1', -1, 'Déconnexion de la plateforme!', '2024-05-28 08:19:26'),
(421, 2, 'Mme Gadeu', '::1', 1, 'Connexion sur la plateforme!', '2024-05-28 08:20:32'),
(422, 2, 'Mme Gadeu', '::1', -5, 'Mise à jour de la checkliste de résiliation № 21', '2024-05-28 11:11:46'),
(423, 2, 'Mme Gadeu', '::1', 2, 'Ajout du nouveau contrat № 34', '2024-05-28 11:19:10'),
(424, 2, 'Mme Gadeu', '::1', 5, 'Mise à jour de la checkliste d\'adhésion № 34', '2024-05-28 11:19:43'),
(425, 2, 'Mme Gadeu', '::1', -5, 'Mise à jour de la checkliste de résiliation № 21', '2024-05-28 11:21:40'),
(426, 2, 'Mme Gadeu', '::1', 2, 'Ajout du nouveau contrat № 35', '2024-05-28 11:25:18'),
(427, 2, 'Mme Gadeu', '::1', -4, 'Suppression en favori du contrat № 16', '2024-05-28 12:15:00'),
(428, 2, 'Mme Gadeu', '::1', 4, 'Mise en favori du contrat № 16', '2024-05-28 12:15:05'),
(429, 2, 'Mme Gadeu', '::1', -4, 'Suppression en favori du contrat № 16', '2024-05-28 12:15:06'),
(430, 2, 'Mme Gadeu', '::1', 4, 'Mise en favori du contrat № 16', '2024-05-28 12:15:08'),
(431, 1, 'Ntep', '::1', -1, 'Déconnexion de la plateforme!', '2024-05-28 17:19:27'),
(432, 2, 'Mme Gadeu', '::1', -1, 'Déconnexion de la plateforme!', '2024-05-28 17:20:11'),
(433, 1, 'Ntep', '::1', 1, 'Connexion sur la plateforme!', '2024-05-29 00:11:26'),
(434, 2, 'Mme Gadeu', '::1', 1, 'Connexion sur la plateforme!', '2024-05-29 07:03:26'),
(435, 1, 'Ntep', '::1', 1, 'Connexion sur la plateforme!', '2024-05-29 08:05:31'),
(436, 1, 'Ntep', '::1', -1, 'Déconnexion de la plateforme!', '2024-05-29 12:06:42'),
(437, 1, 'Ntep', '::1', 1, 'Connexion sur la plateforme!', '2024-05-29 12:19:06'),
(438, 1, 'Ntep', '::1', -1, 'Déconnexion de la plateforme!', '2024-05-29 14:30:26'),
(439, 1, 'Ntep', '::1', 1, 'Connexion sur la plateforme!', '2024-05-29 14:35:40'),
(440, 1, 'Ntep', '::1', 6, 'Ajout du dossier № 25 en résiliation', '2024-05-29 14:37:35'),
(441, 2, 'Mme Gadeu', '::1', 1, 'Connexion sur la plateforme!', '2024-05-29 14:38:41'),
(442, 1, 'Ntep', '::1', 1, 'Connexion sur la plateforme!', '2024-05-29 20:54:16'),
(443, 2, 'Mme Gadeu', '::1', 1, 'Connexion sur la plateforme!', '2024-05-29 21:06:35'),
(444, 2, 'Mme Gadeu', '::1', 1, 'Connexion sur la plateforme!', '2024-05-29 21:19:10'),
(445, 2, 'Mme Gadeu', '::1', -1, 'Déconnexion de la plateforme!', '2024-05-29 21:22:10'),
(446, 4, 'Mr Tsafack', '::1', 1, 'Connexion sur la plateforme!', '2024-05-29 21:23:35'),
(447, 4, 'Mr Tsafack', '::1', 5, 'Mise à jour de la checkliste d\'adhésion № 23', '2024-05-29 22:54:41'),
(448, 4, 'Mr Tsafack', '::1', -5, 'Mise à jour de la checkliste de résiliation № 20', '2024-05-29 23:46:40'),
(449, 2, 'Mme Gadeu', '::1', -5, 'Mise à jour de la checkliste de résiliation № 22', '2024-05-30 00:04:59'),
(450, 4, 'Mr Tsafack', '::1', -5, 'Mise à jour de la checkliste de résiliation № 22', '2024-05-30 00:22:52'),
(451, 4, 'Mr Tsafack', '::1', 3, 'Modification du contrat № 22', '2024-05-30 00:23:52'),
(452, 4, 'Mr Tsafack', '::1', -5, 'Mise à jour de la checkliste de résiliation № 22', '2024-05-30 00:25:21'),
(453, 1, 'Ntep', '::1', 1, 'Connexion sur la plateforme!', '2024-05-30 07:24:57'),
(454, 1, 'Ntep', '::1', 1, 'Connexion sur la plateforme!', '2024-05-30 07:52:54'),
(455, 1, 'Ntep', '::1', 1, 'Connexion sur la plateforme!', '2024-05-30 07:54:47'),
(456, 1, 'Ntep', '::1', -1, 'Déconnexion de la plateforme!', '2024-05-30 07:54:57'),
(457, 1, 'Ntep', '::1', 1, 'Connexion sur la plateforme!', '2024-05-30 09:05:25'),
(458, 1, 'Ntep', '::1', 1, 'Connexion sur la plateforme!', '2024-05-30 11:22:32'),
(459, 1, 'Ntep', '::1', 2, 'Ajout du nouveau contrat № 36', '2024-05-30 16:34:32'),
(460, 1, 'Ntep', '::1', 5, 'Mise à jour de la checkliste d\'adhésion № 36', '2024-05-30 16:35:27'),
(461, 1, 'Ntep', '::1', 1, 'Connexion sur la plateforme!', '2024-05-31 09:00:24'),
(462, 1, 'Ntep', '::1', 1, 'Connexion sur la plateforme!', '2024-05-31 10:55:27'),
(463, 2, 'Mme Gadeu', '::1', 1, 'Connexion sur la plateforme!', '2024-05-31 11:17:53'),
(464, 1, 'Ntep', '::1', -1, 'Déconnexion de la plateforme!', '2024-05-31 11:18:19'),
(465, 2, 'Mme Gadeu', '::1', 3, 'Modification du contrat № 31', '2024-05-31 11:23:37'),
(466, 2, 'Mme Gadeu', '::1', 3, 'Modification du contrat № 28', '2024-05-31 11:26:41'),
(467, 2, 'Mme Gadeu', '::1', 3, 'Modification du contrat № 18', '2024-05-31 11:41:50'),
(468, 2, 'Mme Gadeu', '::1', 3, 'Modification du contrat № 26', '2024-05-31 11:45:41'),
(469, 4, 'Mr Tsafack', '::1', 1, 'Connexion sur la plateforme!', '2024-05-31 14:53:09'),
(470, 1, 'Ntep', '::1', 1, 'Connexion sur la plateforme!', '2024-05-31 16:08:32'),
(471, 2, 'Mme Gadeu', '::1', 1, 'Connexion sur la plateforme!', '2024-05-31 16:58:33'),
(472, 2, 'Mme Gadeu', '::1', 2, 'Ajout du nouveau contrat № 37', '2024-05-31 18:05:19'),
(473, 2, 'Mme Gadeu', '::1', 2, 'Ajout du nouveau contrat № 38', '2024-05-31 18:07:44'),
(474, 1, 'Ntep', '::1', 1, 'Connexion sur la plateforme!', '2024-05-31 22:02:16'),
(475, 2, 'Mme Gadeu', '::1', 1, 'Connexion sur la plateforme!', '2024-05-31 23:21:39'),
(476, 4, 'Mr Tsafack', '::1', 1, 'Connexion sur la plateforme!', '2024-05-31 23:23:36'),
(477, 5, 'Mr Yannick', '::1', 1, 'Connexion sur la plateforme!', '2024-05-31 23:25:08'),
(478, 1, 'Ntep', '::1', 1, 'Connexion sur la plateforme!', '2024-06-01 09:21:05'),
(479, 1, 'Ntep', '::1', 5, 'Mise à jour de la checkliste d\'adhésion № 19', '2024-06-01 09:35:17'),
(480, 1, 'Ntep', '::1', 10, 'Le contrat № null a été renouvellé#main3', '2024-06-01 11:03:04'),
(481, 1, 'Ntep', '::1', 10, 'Le contrat № null a été renouvellé#main3', '2024-06-01 11:09:01'),
(482, 1, 'Ntep', '::1', 10, 'Le contrat № null a été renouvellé#main3', '2024-06-01 11:09:55'),
(483, 1, 'Ntep', '::1', 10, 'Le contrat № null a été renouvellé#main3', '2024-06-01 11:11:13'),
(484, 1, 'Ntep', '::1', 10, 'Le contrat № 26 a été renouvellé#main3', '2024-06-01 11:15:01'),
(485, 1, 'Ntep', '::1', 4, 'Mise en favori du contrat № 37', '2024-06-01 12:44:13'),
(486, 1, 'Ntep', '::1', 2, 'Ajout du nouveau contrat № 39', '2024-06-01 13:06:43'),
(487, 1, 'Ntep', '::1', 1, 'Connexion sur la plateforme!', '2024-06-02 21:36:55'),
(488, 1, 'Ntep', '::1', 1, 'Connexion sur la plateforme!', '2024-06-03 00:47:52'),
(489, 1, 'Ntep', '::1', 3, 'Modification du contrat № 30', '2024-06-03 00:52:46'),
(490, 5, 'Mr Yannick', '::1', 1, 'Connexion sur la plateforme!', '2024-06-03 03:28:41'),
(491, 2, 'Mme Gadeu', '::1', 1, 'Connexion sur la plateforme!', '2024-06-03 08:07:09'),
(492, 2, 'Mme Gadeu', '::1', 3, 'Modification du contrat № 32', '2024-06-03 08:27:51'),
(493, 2, 'Mme Gadeu', '::1', -1, 'Déconnexion de la plateforme!', '2024-06-03 08:46:54'),
(494, 1, 'Ntep', '::1', 1, 'Connexion sur la plateforme!', '2024-06-03 08:47:03'),
(495, 5, 'Mr Yannick', '::1', -1, 'Déconnexion de la plateforme!', '2024-06-03 08:56:13'),
(496, 1, 'Ntep', '::1', 1, 'Connexion sur la plateforme!', '2024-06-03 08:56:20'),
(497, 1, 'Ntep', '::1', 1, 'Connexion sur la plateforme!', '2024-06-03 08:57:13'),
(498, 1, 'Ntep', '::1', 1, 'Connexion sur la plateforme!', '2024-06-04 09:26:05'),
(499, 1, 'Ntep', '::1', 7, 'Suppression du dossier d\'adhésion № 7', '2024-06-04 09:41:58'),
(500, 1, 'Ntep', '::1', 1, 'Connexion sur la plateforme!', '2024-06-04 17:15:20'),
(501, 1, 'Ntep', '::1', 1, 'Connexion sur la plateforme!', '2024-06-04 20:34:39'),
(502, 2, 'Mme Gadeu', '::1', 1, 'Connexion sur la plateforme!', '2024-06-04 20:51:03'),
(503, 2, 'Mme Gadeu', '::1', 4, 'Mise en favori du contrat № 34', '2024-06-04 20:53:45'),
(504, 1, 'Ntep', '::1', 1, 'Connexion sur la plateforme!', '2024-06-04 20:59:11'),
(505, 4, 'Mr Tsafack', '::1', 1, 'Connexion sur la plateforme!', '2024-06-04 21:15:49'),
(506, 2, 'Mme Gadeu', '::1', -1, 'Déconnexion de la plateforme!', '2024-06-04 21:42:37'),
(507, 3, 'Mr Thierry', '::1', 1, 'Connexion sur la plateforme!', '2024-06-04 21:43:00'),
(508, 3, 'Mr Thierry', '::1', 4, 'Mise en favori du contrat № 39', '2024-06-04 21:45:47'),
(509, 3, 'Mr Thierry', '::1', -4, 'Suppression en favori du contrat № 39', '2024-06-04 21:45:49'),
(510, 3, 'Mr Thierry', '::1', 4, 'Mise en favori du contrat № 39', '2024-06-04 21:49:14'),
(511, 1, 'Ntep', '::1', 1, 'Connexion sur la plateforme!', '2024-06-04 23:08:39'),
(512, 1, 'Ntep', '::1', 2, 'Ajout du nouveau contrat № 40', '2024-06-05 00:18:16'),
(513, 1, 'Ntep', '::1', 2, 'Ajout du nouveau contrat № 41', '2024-06-05 08:12:34'),
(514, 1, 'Ntep', '::1', 1, 'Connexion sur la plateforme!', '2024-06-05 08:24:34'),
(515, 1, 'Ntep', '::1', 5, 'Mise à jour de la checkliste d\'adhésion № 41', '2024-06-05 08:37:25'),
(516, 1, 'Ntep', '::1', 2, 'Ajout du nouveau contrat № 42', '2024-06-05 09:00:42'),
(517, 1, 'Ntep', '::1', 5, 'Mise à jour de la checkliste d\'adhésion № 42', '2024-06-05 09:01:55'),
(518, 1, 'Ntep', '::1', 5, 'Mise à jour de la checkliste d\'adhésion № 40', '2024-06-05 09:19:36'),
(519, 1, 'Ntep', '::1', 2, 'Ajout du nouveau contrat № 43', '2024-06-05 11:35:47'),
(520, 1, 'Ntep', '::1', -1, 'Déconnexion de la plateforme!', '2024-06-05 17:26:44'),
(521, 1, 'Ntep', '::1', 1, 'Connexion sur la plateforme!', '2024-06-05 20:26:06'),
(522, 1, 'Ntep', '::1', 1, 'Connexion sur la plateforme!', '2024-06-05 21:17:10'),
(523, 1, 'Ntep', '::1', 1, 'Connexion sur la plateforme!', '2024-06-05 23:30:18'),
(524, 1, 'Ntep', '::1', 1, 'Connexion sur la plateforme!', '2024-06-05 23:32:53'),
(525, 1, 'Ntep', '::1', 3, 'Modification du contrat № 42', '2024-06-06 00:21:48'),
(526, 1, 'Ntep', '::1', 3, 'Modification du contrat № 41', '2024-06-06 00:55:41'),
(527, 1, 'Ntep', '::1', 10, 'Le contrat № 40 a été renouvellé', '2024-06-06 00:59:14'),
(528, 1, 'Ntep', '::1', 1, 'Connexion sur la plateforme!', '2024-06-06 06:49:21'),
(529, 1, 'Ntep', '::1', 1, 'Connexion sur la plateforme!', '2024-06-06 08:03:54'),
(530, 1, 'Ntep', '::1', 11, 'La révision du dossier № 42 a reussit', '2024-06-06 09:46:41'),
(531, 1, 'Ntep', '::1', 1, 'Connexion sur la plateforme!', '2024-06-06 10:10:41'),
(532, 1, 'Ntep', '::1', 5, 'Mise à jour de la checkliste d\'adhésion № 37', '2024-06-06 10:11:53'),
(533, 1, 'Ntep', '::1', 11, 'La révision du dossier № 36 a reussit', '2024-06-06 10:52:17'),
(534, 2, 'Mme Gadeu', '::1', 1, 'Connexion sur la plateforme!', '2024-06-06 14:16:44'),
(535, 1, 'Ntep', '::1', 2, 'Ajout du nouveau contrat № 44', '2024-06-06 14:21:24'),
(536, 1, 'Ntep', '::1', 4, 'Mise en favori du contrat № 44', '2024-06-06 14:21:58'),
(537, 1, 'Ntep', '::1', 10, 'Le contrat № 44 a été renouvellé', '2024-06-06 14:23:07'),
(538, 2, 'Mme Gadeu', '::1', 2, 'Ajout du nouveau contrat № 45', '2024-06-06 15:34:35'),
(539, 2, 'Mme Gadeu', '::1', 2, 'Ajout du nouveau contrat № 46', '2024-06-06 15:40:32'),
(540, 2, 'Mme Gadeu', '::1', 5, 'Mise à jour de la checkliste d\'adhésion № 45', '2024-06-06 15:45:45'),
(541, 2, 'Mme Gadeu', '::1', 3, 'Modification du contrat № 45', '2024-06-06 15:47:17'),
(542, 2, 'Mme Gadeu', '::1', 3, 'Modification du contrat № 45', '2024-06-06 15:48:08'),
(543, 2, 'Mme Gadeu', '::1', 11, 'La révision du dossier № 46 a reussit', '2024-06-06 15:54:45'),
(544, 1, 'Ntep', '::1', 3, 'Modification du contrat № 35', '2024-06-06 16:11:56'),
(545, 1, 'Ntep', '::1', 3, 'Modification du contrat № 35', '2024-06-06 16:13:16'),
(546, 1, 'Ntep', '::1', 11, 'La révision du dossier № 35 a reussit', '2024-06-06 16:15:59'),
(547, 2, 'Mme Gadeu', '::1', -1, 'Déconnexion de la plateforme!', '2024-06-06 16:17:32'),
(548, 1, 'Ntep', '::1', 1, 'Connexion sur la plateforme!', '2024-06-06 16:17:38'),
(549, 1, 'Ntep', '::1', -1, 'Déconnexion de la plateforme!', '2024-06-06 17:06:52'),
(550, 1, 'Ntep', '::1', 1, 'Connexion sur la plateforme!', '2024-06-06 17:15:16'),
(551, 1, 'Ntep', '::1', 11, 'Révision du dossier № 44', '2024-06-06 17:16:15'),
(552, 2, 'Mme Gadeu', '::1', 1, 'Connexion sur la plateforme!', '2024-06-07 11:45:19'),
(553, 2, 'Mme Gadeu', '::1', -1, 'Déconnexion de la plateforme!', '2024-06-08 09:55:39'),
(554, 1, 'Ntep', '::1', 1, 'Connexion sur la plateforme!', '2024-06-08 11:58:12'),
(555, 1, 'Ntep', '::1', 1, 'Connexion sur la plateforme!', '2024-06-08 11:58:34'),
(556, 1, 'Ntep', '::1', 4, 'Mise en favori du contrat № 18', '2024-06-08 12:19:53'),
(557, 1, 'Ntep', '::1', -1, 'Déconnexion de la plateforme!', '2024-06-08 12:21:20'),
(558, 5, 'Mr Yannick', '::1', 1, 'Connexion sur la plateforme!', '2024-06-08 12:21:30'),
(559, 5, 'Mr Yannick', '::1', 2, 'Ajout du nouveau contrat № 47', '2024-06-08 12:28:19'),
(560, 5, 'Mr Yannick', '::1', 4, 'Mise en favori du contrat № 47', '2024-06-08 12:28:57'),
(561, 5, 'Mr Yannick', '::1', 6, 'Ajout du dossier № 47 en résiliation', '2024-06-08 12:29:25'),
(562, 5, 'Mr Yannick', '::1', 10, 'Le contrat № 35 a été renouvellé', '2024-06-08 12:31:30'),
(563, 5, 'Mr Yannick', '::1', -1, 'Déconnexion de la plateforme!', '2024-06-08 12:31:43'),
(564, 1, 'Ntep', '::1', 1, 'Connexion sur la plateforme!', '2024-06-08 12:31:57'),
(565, 1, 'Ntep', '::1', 5, 'Mise à jour de la checkliste d\'adhésion № 35', '2024-06-08 12:35:09'),
(566, 1, 'Ntep', '::1', -4, 'Suppression en favori du contrat № 45', '2024-06-08 12:37:54'),
(567, 1, 'Ntep', '::1', 4, 'Mise en favori du contrat № 45', '2024-06-08 12:37:56'),
(568, 1, 'Ntep', '::1', 1, 'Connexion sur la plateforme!', '2024-06-09 17:25:56'),
(569, 1, 'Ntep', '::1', -1, 'Déconnexion de la plateforme!', '2024-06-09 18:17:22');
INSERT INTO `logs` (`id_log`, `id_user`, `name_user`, `adresse_ip`, `level_log`, `message_log`, `date_logs`) VALUES
(570, 2, 'Mme Gadeu', '::1', 1, 'Connexion sur la plateforme!', '2024-06-09 18:18:05'),
(571, 2, 'Mme Gadeu', '::1', -1, 'Déconnexion de la plateforme!', '2024-06-11 11:18:31'),
(572, 1, 'Ntep', '::1', 1, 'Connexion sur la plateforme!', '2024-06-11 12:35:17');

-- --------------------------------------------------------

--
-- Structure de la table `mode_operatoire`
--

DROP TABLE IF EXISTS `mode_operatoire`;
CREATE TABLE IF NOT EXISTS `mode_operatoire` (
  `id` int NOT NULL AUTO_INCREMENT,
  `site` varchar(40) COLLATE utf8mb4_unicode_ci NOT NULL,
  `entite` varchar(25) CHARACTER SET utf8mb4 COLLATE utf8mb4_unicode_ci NOT NULL,
  `ville` varchar(10) COLLATE utf8mb4_unicode_ci NOT NULL,
  `nature_bail` varchar(14) CHARACTER SET utf8mb4 COLLATE utf8mb4_unicode_ci NOT NULL,
  `nom_locataire` varchar(30) COLLATE utf8mb4_unicode_ci NOT NULL,
  `contact` int NOT NULL,
  `logement` varchar(50) COLLATE utf8mb4_unicode_ci NOT NULL,
  `duree_contrat` int NOT NULL,
  `loyer_mensuel` int NOT NULL,
  `frequence_paiement` varchar(15) CHARACTER SET utf8mb4 COLLATE utf8mb4_unicode_ci NOT NULL,
  `mode_paiement` varchar(14) CHARACTER SET utf8mb4 COLLATE utf8mb4_unicode_ci NOT NULL,
  `nombre_mois` int NOT NULL,
  `montant_caution` int NOT NULL,
  `revision_loyer` varchar(10) CHARACTER SET utf8mb4 COLLATE utf8mb4_unicode_ci NOT NULL,
  `taux_revision` int NOT NULL,
  `date_revision` date NOT NULL,
  `pénalites_retard` int NOT NULL,
  `date_debut_contrat` date NOT NULL,
  `date_fin_contrat` date NOT NULL,
  `droit_enregistrement` int NOT NULL,
  `nom_GI` varchar(25) COLLATE utf8mb4_unicode_ci NOT NULL,
  `numero_dossier` varchar(25) COLLATE utf8mb4_unicode_ci DEFAULT NULL,
  `etat` varchar(15) CHARACTER SET utf8mb4 COLLATE utf8mb4_unicode_ci NOT NULL,
  `favori` int NOT NULL,
  PRIMARY KEY (`id`)
) ENGINE=MyISAM AUTO_INCREMENT=48 DEFAULT CHARSET=utf8mb4 COLLATE=utf8mb4_unicode_ci ROW_FORMAT=DYNAMIC;

--
-- Déchargement des données de la table `mode_operatoire`
--

INSERT INTO `mode_operatoire` (`id`, `site`, `entite`, `ville`, `nature_bail`, `nom_locataire`, `contact`, `logement`, `duree_contrat`, `loyer_mensuel`, `frequence_paiement`, `mode_paiement`, `nombre_mois`, `montant_caution`, `revision_loyer`, `taux_revision`, `date_revision`, `pénalites_retard`, `date_debut_contrat`, `date_fin_contrat`, `droit_enregistrement`, `nom_GI`, `numero_dossier`, `etat`, `favori`) VALUES
(1, 'Boutique Nestle', 'Sotradic', 'Douala', 'Commercial ', 'Bruce Wayne', 698234512, 'Boutique 20', 12, 550000, 'Annuelle', 'Chèque', 12, 1100000, 'Biennale', 7, '2024-06-12', 7, '2023-05-18', '2024-05-18', 160000, 'M. Thierry', 'BN001', 'Résilié', 0),
(2, 'Immeuble Agence Mboppi', 'Sotradic', 'Douala', 'Habitation', 'Sélina Cayle', 620784105, 'Appart 01', 12, 600000, 'Semestrielle', 'Carte', 12, 1200000, 'Triennale', 10, '2024-06-12', 7, '2024-05-10', '2025-05-10', 165000, 'Mme Kapche', 'IAM001', 'Actif', 0),
(3, 'Immeuble Direction Régional Srpc Ydé', 'CMIC', 'Yaoundé', 'Commercial ', 'Alfred Pénnyworth', 625849541, 'Immeuble 01', 6, 70000, 'Trimestrielle', 'Espèces', 6, 140000, 'Autre', 7, '2024-06-12', 7, '2024-05-11', '2025-05-11', 175000, 'M. Tsafack', 'IDRS001', 'En-Résiliation', 1),
(6, 'Immeuble Hotel De L\'air', 'CMIC', 'Bafoussam', 'Commercial ', 'Mme Tabata', 658521728, 'Chambre 12', 12, 600000, 'Semestrielle', 'Carte', 12, 1200000, 'Biennale', 0, '2024-06-12', 7, '2024-05-18', '2025-05-18', 165000, 'Mme Kapche', 'IHDA001', 'Résilié', 0),
(5, 'Magasin Rue Mermoz', 'Sci Djems', 'Douala', 'Commercial ', 'Osvalde', 675421086, 'Boutique 9', 12, 12, 'Semestrielle', 'OM', 12, 24, 'Biennale', 0, '2024-06-12', 7, '2024-05-09', '2025-05-09', 156000, 'Mme Kapche', 'IDRS002', 'En-Résiliation', 0),
(8, 'Immeuble Camp Yabassi', 'Djemmo Lucas', 'Douala', 'Habitation', 'Mr Harvey', 694184548, 'Studio 03', 6, 700000, 'Annuelle', 'Carte', 6, 1400000, 'Triennale', 0, '2024-06-12', 7, '2024-05-13', '2025-05-13', 250000, 'M. Thierry', 'ICY001', 'Actif', 0),
(9, 'Villa Rue Njo Njo', 'Sotradic', 'Douala', 'Habitation', 'Mr Thomas', 689228452, 'Appart 05', 12, 500000, 'Autre', 'Chèque', 12, 1000000, 'Biennale', 0, '2024-06-12', 7, '2023-05-17', '2024-05-17', 175000, 'M. Thierry', 'VRNN001', 'Résilié', 0),
(10, 'Ancienne Usine Colpast', 'Sci Djems', 'Bafoussam', 'Habitation', 'Mr Maroni', 692121842, 'Appart 07', 12, 450000, 'Annuelle', 'Carte', 12, 900000, 'Biennale', 0, '2024-06-12', 7, '2023-05-19', '2024-05-19', 121500, 'M. Tsafack', 'AUC001', 'En-Résiliation', 0),
(11, 'Villa Mballa III', 'Sotradic', 'Yaoundé', 'Habitation', 'Mr Falcon', 674828452, 'Villa 06', 12, 450000, 'Trimestrielle', 'OM', 12, 900000, 'Biennale', 0, '2024-06-12', 7, '2023-05-11', '2024-05-11', 120000, 'M. Tsafack', 'VM001', 'En-Résiliation', 1),
(12, 'Terrain Bepanda', 'Setrabo', 'Kyossi', 'Habitation', 'Jérome', 694512898, 'terrain b1', 12, 850000, 'Annuelle', 'Virement', 12, 1700000, 'Triennale', 0, '2024-06-12', 7, '2024-05-03', '2025-05-03', 450000, 'Mme Kapche', '', 'En-Résiliation', 0),
(13, 'Terrain Rw King', 'Sci Emergence', 'Douala', 'Commercial ', 'Martha', 689451285, 'Salle 058', 12, 650000, 'Semestrielle', 'Chèque', 12, 1300000, 'Biennale', 0, '2024-06-12', 7, '2024-04-29', '2025-04-29', 190000, 'M. Yannick', 'TRK001', 'En-cours', 0),
(14, 'Terrain Kamkop', 'Djemmo Lucas', 'Kribi', 'Habitation', 'Mme mouni', 657587412, 'Terrain 04', 6, 1000000, 'Annuelle', 'Chèque', 6, 2000000, 'Biennale', 0, '2024-06-12', 7, '2024-05-12', '2024-05-12', 500000, 'M. Yannick', 'TK001', 'En-Résiliation', 0),
(15, 'Terrain Mille II', 'Sotradic', 'Kribi', 'Habitation', 'Mme Ivy', 692345515, 'Terrain 09', 12, 400000, 'Trimestrielle', 'Virement', 12, 800000, 'Biennale', 0, '2024-06-12', 7, '2024-05-22', '2025-05-22', 122000, 'M. Yannick', '', 'En-Résiliation', 0),
(16, 'Ancienne Usine Colpast', 'Sci Djems', 'Bafoussam', 'Commercial ', 'Jérémiah', 692215472, 'Boutique 01', 12, 600000, 'Trimestrielle', 'Carte', 12, 1200000, 'Biennale', 0, '2024-06-12', 7, '2024-05-10', '2024-05-10', 250000, 'Mme Kapche', 'AUC002', 'En-Résiliation', 1),
(17, 'Villa Ndogbong', 'Mme Djommo', 'Douala', 'Habitation', 'Victor Zaz', 695236520, 'Villa de luxe', 6, 455000, 'Annuelle', 'Chèque', 6, 910000, 'Biennale', 0, '2024-06-12', 7, '2023-05-19', '2024-05-19', 100000, 'M. Yannick', 'VN002', 'En-Résiliation', 0),
(20, 'Immeuble Carat Degaulle', 'Sci Djems', 'Douala', 'Habitation', 'Ntep', 690345410, 'Appart 10', 12, 700000, 'Trimestrielle', 'Virement', 12, 1400000, 'Biennale', 0, '2024-06-12', 7, '2023-05-31', '2024-05-31', 150000, 'M. Tsafack', 'ICD001', 'En-Résiliation', 0),
(18, 'Blue Sky (Résidence)', 'Sci Sotradic', 'Douala', 'Habitation', 'James Gordon', 2147483647, 'Villa 03', 12, 750000, 'Annuelle', 'Virement', 12, 1500000, 'Biennale', 0, '2024-06-12', 7, '2023-07-14', '2024-07-14', 300000, 'M. Thierry', '', 'En-cours', 1),
(19, 'Ancienne Usine Colpast', 'Mme Djommo', 'Ngaoundéré', 'Habitation', 'Adolph', 685262929, 'Appart 08', 12, 600000, 'Semestrielle', 'Virement', 12, 1200000, 'Biennale', 0, '2024-06-12', 7, '2023-06-25', '2024-06-25', 155000, 'Mme Kapche', '', 'Actif', 0),
(21, 'Immeuble Agence Sorepco Sadi', 'Sorepco', 'Yaoundé', 'Habitation', 'Adolph', 696164848, 'Studio 27', 12, 500000, 'Trimestrielle', 'Carte', 12, 1000000, 'Biennale', 0, '2024-06-12', 7, '2023-05-25', '2024-05-25', 150000, 'M. Tsafack', 'IASS001', 'Résilié', 1),
(22, 'Terrain Odza', 'Sci Emergence', 'Bafoussam', 'Habitation', 'Bernard', 652952626, 'Studio 15', 12, 500000, 'Annuelle', 'Carte', 12, 1000000, 'Biennale', 0, '2024-06-12', 7, '2023-05-26', '2024-05-26', 145000, 'M. Tsafack', 'TO001', 'En-Résiliation', 0),
(28, 'Carat Silverline (Résidence)', 'SCI EMERGENCE', 'Douala', 'Habitation', 'Marie', 697960314, 'Studio prime 01', 12, 350000, 'Semestrielle', 'Espèces', 12, 700000, 'Triennale', 0, '2024-06-12', 7, '2023-05-10', '2025-05-10', 120000, 'M. Yannick', 'IMAM001', 'Actif', 0),
(23, 'Magasin M100', 'Sotradic', 'Bafoussam', 'Habitation', 'Chanel', 656525645, 'Studio 20', 6, 520000, 'Trimestrielle', 'Carte', 6, 1040000, 'Biennale', 0, '2024-06-12', 7, '2023-05-26', '2024-05-26', 110000, 'M. Thierry', 'M001', 'En-cours', 1),
(24, 'Terrain Bepanda', 'Setrabo', 'Bafoussam', 'Habitation', 'Kimberly', 685562956, 'Studio 44', 12, 450000, 'Autre', 'OM', 12, 900000, 'Biennale', 0, '2024-06-12', 7, '2023-05-21', '2024-05-21', 210000, 'M. Thierry', 'TB001', 'En-Résiliation', 0),
(25, 'Immeuble Residence Blue Sky ', 'Sotradic', 'Douala', 'Habitation', 'Ornella', 665368525, 'Chambre 205', 12, 400000, 'Trimestrielle', 'Chèque', 12, 800000, 'Biennale', 0, '2024-06-12', 7, '2023-05-17', '2024-05-17', 120000, 'M. Tsafack', 'IRBS001', 'En-Résiliation', 0),
(26, 'Carat Akwa (Résidence)', 'Sci Sotradic', 'Douala', 'Commercial ', 'Jason Tod', 2147483647, 'Salle 12', 12, 150000, 'Annuelle', 'Momo', 6, 300000, 'Biennale', 0, '2024-06-12', 7, '2023-05-30', '2025-01-01', 150500, 'M. Thierry', '', 'Actif', 0),
(27, 'Magasin Rue Mermoz', 'CMIC', 'Ngaoundéré', 'Commercial ', 'Mr Lucuis Fox', 685254533, 'Salle 25', 6, 220000, 'Semestrielle', 'Momo', 6, 440000, 'Biennale', 0, '2024-06-12', 7, '2023-06-21', '2024-06-21', 280000, 'M. Thierry', '', 'En-cours', 0),
(29, 'Immeuble Consulat De Suisse', 'Djemmo Lucas', 'Bamenda', 'Habitation', 'Pamela', 659292986, 'Appart 120', 6, 405000, 'Trimestrielle', 'Espèces', 6, 810000, 'Triennale', 0, '2024-06-12', 7, '2023-05-23', '2024-05-23', 130000, 'M. Yannick', 'ICS001', 'Actif', 0),
(30, 'Blue Sky (Résidence)', 'CMIC', 'Douala', 'Habitation', 'Mme Christelle', 659529623, 'Appart 90', 12, 350000, 'Annuelle', 'Chèque', 12, 700000, 'Autre', 0, '2024-06-12', 7, '2023-05-16', '2024-05-16', 200000, 'M. Thierry', 'IASS002', 'En-Résiliation', 0),
(31, 'Bertoua (Agence Srpc)', 'CMIC', 'Buéa', 'Habitation', 'Marck', 659595596, 'Studio 20', 6, 500000, 'Semestrielle', 'Chèque', 6, 1000000, 'Triennale', 0, '2024-06-12', 7, '2023-07-12', '2024-07-12', 180000, 'M. Tsafack', '', 'En-cours', 0),
(32, 'Kye-Ossi (Immeuble)', 'Sorepco', 'Kye-Ossi', 'Commercial ', 'Adolph', 695289235, 'Appart 11', 6, 600000, 'Trimestrielle', 'Virement', 6, 1200000, 'Biennale', 0, '2024-06-12', 7, '2024-05-07', '2025-05-07', 150000, 'M. Tsafack', '', 'En-Résiliation', 0),
(33, 'Immeuble Mvog Mbi', 'Sorepco', 'Yaoundé', 'Habitation', 'Rex Styler', 691512815, 'Villa 3 étoiles', 12, 450000, 'Semestrielle', 'Momo', 12, 900000, 'Annuelle', 0, '2024-06-12', 7, '2024-05-31', '2025-05-31', 200000, 'M. Yannick', '', 'En-cours', 0),
(34, 'Villa Mballa III', 'Djemmo Lucas', 'Yaoundé', 'Habitation', 'Stéphanie', 645259541, 'Salle 03', 12, 600000, 'Semestrielle', 'Carte', 12, 1200000, 'Triennale', 0, '2024-06-12', 7, '2024-05-29', '2025-05-29', 120000, 'Mme Kapche', '', 'Actif', 1),
(35, 'Blue Sky (Résidence)', 'CMIC', 'Douala', 'Habitation', 'Harper', 689525263, 'Studio 17', 6, 4400000, 'Semestrielle', 'Espèces', 6, 1100000, 'Biennale', 7, '2026-06-28', 7, '2022-06-28', '2025-01-01', 100000, 'M. Tsafack', '', 'En-cours', 0),
(36, 'Immeuble Anor', 'Sotradic', 'Yaoundé', 'Habitation', 'Mickael', 665925555, 'Studio 30', 12, 420000, 'Semestrielle', 'Espèces', 12, 840000, 'Annuelle', 0, '2024-06-12', 7, '2023-05-29', '2024-05-29', 150000, 'Mme Kapche', '', 'Actif', 0),
(37, 'Blue Sky (Résidence)', 'CMIC', 'Douala', 'Habitation', 'Max', 665985252, '206', 12, 600000, 'Trimestrielle', 'Espèces', 12, 1200000, 'Annuelle', 0, '2024-06-12', 7, '2024-06-01', '2025-06-01', 100000, 'M. Yannick', '', 'En-cours', 1),
(38, 'Buea (Espace Toiture)', 'Sorepco', 'Buéa', 'Habitation', 'Christian', 697922743, 'Appart 11', 12, 500000, 'Trimestrielle', 'Momo', 12, 1000000, 'Triennale', 0, '2024-06-12', 7, '2024-06-01', '2025-06-01', 120000, 'M. Thierry', '', 'En-cours', 0),
(39, 'Bastos (Consulat De Suisse)', 'Sci Emergence', 'Yaoundé', 'Habitation', 'Cyrille', 645598521, 'CONSULSS', 12, 100000, 'Trimestrielle', 'Espèces', 12, 500000, 'Annuelle', 0, '2024-06-12', 7, '2023-07-17', '2024-07-17', 200000, 'M. Thierry', '', 'En-cours', 1),
(40, 'Mokolo (Centre Commercial)', 'Sorepco', 'Yaoundé', 'Professionnel', 'TCHOUTA Moise', 695412574, 'E11', 12, 60000, 'Annuelle', 'Tous les modes', 12, 1000000, 'Biennale', 0, '2024-06-12', 10, '2023-06-05', '2025-05-05', 0, 'Mme Kapche', '', 'Actif', 0),
(41, 'Bastos (Consulat De Suisse)', 'Sci Emergence', 'Yaoundé', 'Commercial', 'Dora', 685845488, 'CONSULSS', 12, 100000, 'Annuelle', 'Tous les modes', 12, 1000000, 'Annuelle', 7, '2024-06-12', 10, '2023-06-08', '2024-06-08', 200000, 'Mme Kapche', '', 'Actif', 0),
(42, 'Bastos (Consulat De Suisse)', 'Sci Emergence', 'Yaoundé', 'Commercial', 'Michel', 644884184, 'CONSULSS', 12, 100000, 'Annuelle', 'Chèque', 12, 2000000, 'Triennale', 0, '2024-06-12', 10, '2021-06-16', '2024-06-16', 1500000, 'M. Thierry', '', 'Actif', 0),
(43, 'Sodiko (Immeuble)', 'Sorepco', 'Douala', 'Habitation', 'Brondon', 699887766, '205', 12, 100000, 'Annuelle', 'Virement', 12, 1000000, 'Biennale', 10, '2025-06-06', 7, '2024-06-06', '2024-06-06', 10000, 'Mme Kapche', '', 'En-cours', 0),
(44, 'Borne 10 (Terrain Nu)', 'Sci Sotradic', 'Douala', 'Professionnel', 'Marco', 695269455, 'TERRAIN', 12, 11000000, 'Annuelle', 'Tous les modes', 12, 1500000, 'Biennale', 10, '2026-06-12', 7, '2022-06-06', '2025-06-06', 800000, 'M. Yannick', '', 'En-cours', 1),
(45, 'Setrabo (Usine)', 'Setrabo', 'Douala', 'Commercial', 'Marcello', 633558877, 'USINE', 12, 100000, 'Annuelle', 'Chèque', 12, 30000, 'Biennale', 10, '2025-06-06', 7, '2023-06-06', '2024-06-06', 100000, 'M. Thierry', '', 'Actif', 1),
(46, 'Santa Barbara (Villa)', 'Mr Djemmo Lucas', 'Yaoundé', 'Habitation', 'Valkiri', 652417410, '1', 12, 2200000, 'Annuelle', 'Carte', 12, 300000, 'Annuelle', 10, '2025-06-06', 7, '2023-06-06', '2024-06-06', 100000, 'Mme Kapche', '', 'En-cours', 0),
(47, 'Carat Akwa (Résidence)', 'Sci Sotradic', 'Douala', 'Commercial', 'Egole', 699522222, '504', 12, 100000, 'Annuelle', 'Chèque', 12, 22000, 'Biennale', 10, '2026-06-08', 7, '2024-06-08', '2025-06-08', 100000, 'M. Yannick', '', 'En-Résiliation', 1);

-- --------------------------------------------------------

--
-- Structure de la table `resiliation`
--

DROP TABLE IF EXISTS `resiliation`;
CREATE TABLE IF NOT EXISTS `resiliation` (
  `id_resiliation` int NOT NULL AUTO_INCREMENT,
  `id_mode` int NOT NULL,
  `lettre_preavis` int NOT NULL,
  `transmition_elements` int NOT NULL,
  `prevalidation_dossier` int NOT NULL,
  `validation_provisoire` int NOT NULL,
  `transmition_element_provisoire` int NOT NULL,
  `transmition_reponse` int NOT NULL,
  `etat_lieux` int NOT NULL,
  `transmition_elements_complet` int NOT NULL,
  `controle_validation_dossier` int DEFAULT NULL,
  `approbation_dossier` int NOT NULL,
  `paiement_locataire` int NOT NULL,
  `archivage_resiliation` int NOT NULL,
  `date_activation_resiliation` date NOT NULL,
  `date_resiliation` date NOT NULL,
  PRIMARY KEY (`id_resiliation`),
  UNIQUE KEY `id_mode` (`id_mode`)
) ENGINE=MyISAM AUTO_INCREMENT=21 DEFAULT CHARSET=utf8mb4 COLLATE=utf8mb4_unicode_ci;

--
-- Déchargement des données de la table `resiliation`
--

INSERT INTO `resiliation` (`id_resiliation`, `id_mode`, `lettre_preavis`, `transmition_elements`, `prevalidation_dossier`, `validation_provisoire`, `transmition_element_provisoire`, `transmition_reponse`, `etat_lieux`, `transmition_elements_complet`, `controle_validation_dossier`, `approbation_dossier`, `paiement_locataire`, `archivage_resiliation`, `date_activation_resiliation`, `date_resiliation`) VALUES
(1, 1, 1, 1, 1, 1, 1, 1, 1, 1, 1, 1, 1, 1, '2024-05-15', '2024-06-01'),
(2, 9, 1, 1, 1, 1, 1, 1, 1, 1, 1, 1, 1, 1, '2024-05-11', '2024-11-10'),
(3, 14, 1, 1, 1, 0, 0, 0, 0, 0, NULL, 0, 0, 0, '2024-05-11', '2024-09-10'),
(4, 6, 1, 1, 1, 1, 1, 1, 1, 1, 1, 1, 1, 1, '2024-05-11', '2024-11-01'),
(5, 3, 1, 1, 0, 0, 0, 0, 0, 0, NULL, 0, 0, 0, '2024-05-11', '2024-12-01'),
(6, 17, 1, 0, 0, 0, 0, 0, 0, 0, NULL, 0, 0, 0, '2024-05-16', '2024-11-11'),
(7, 11, 1, 1, 0, 0, 0, 0, 0, 0, NULL, 0, 0, 0, '2024-05-16', '2024-09-01'),
(8, 5, 1, 1, 0, 0, 0, 0, 0, 0, NULL, 0, 0, 0, '2024-05-16', '2024-09-01'),
(9, 21, 1, 1, 1, 1, 1, 1, 1, 1, 1, 1, 1, 1, '2024-05-16', '2024-08-01'),
(10, 16, 1, 1, 0, 0, 0, 0, 0, 0, NULL, 0, 0, 0, '2024-05-16', '2024-08-01'),
(11, 10, 1, 0, 0, 0, 0, 0, 0, 0, NULL, 0, 0, 0, '2024-05-16', '2024-09-01'),
(12, 15, 1, 0, 0, 0, 0, 0, 0, 0, NULL, 0, 0, 0, '2024-05-16', '2024-12-01'),
(13, 12, 1, 0, 0, 0, 0, 0, 0, 0, NULL, 0, 0, 0, '2024-05-16', '2024-09-01'),
(14, 24, 1, 1, 0, 0, 0, 0, 0, 0, NULL, 0, 0, 0, '2024-05-17', '2024-09-01'),
(15, 30, 1, 0, 0, 0, 0, 0, 0, 0, NULL, 0, 0, 0, '2024-05-17', '2024-06-21'),
(16, 32, 1, 0, 0, 0, 0, 0, 0, 0, NULL, 0, 0, 0, '2024-05-23', '2024-11-01'),
(17, 20, 1, 1, 1, 1, 1, 1, 1, 0, NULL, 0, 0, 0, '2024-05-25', '2024-05-30'),
(18, 22, 1, 0, 0, 0, 0, 0, 0, 0, NULL, 0, 0, 0, '2024-05-27', '2024-05-31'),
(19, 25, 1, 0, 0, 0, 0, 0, 0, 0, NULL, 0, 0, 0, '2024-05-29', '2024-06-03'),
(20, 47, 1, 0, 0, 0, 0, 0, 0, 0, NULL, 0, 0, 0, '2024-06-08', '2025-06-01');

-- --------------------------------------------------------

--
-- Structure de la table `users`
--

DROP TABLE IF EXISTS `users`;
CREATE TABLE IF NOT EXISTS `users` (
  `id` int NOT NULL AUTO_INCREMENT,
  `nom` varchar(50) CHARACTER SET utf8mb4 COLLATE utf8mb4_unicode_ci NOT NULL,
  `type` varchar(12) CHARACTER SET utf8mb4 COLLATE utf8mb4_unicode_ci NOT NULL DEFAULT 'user',
  `login` varchar(25) COLLATE utf8mb4_unicode_ci NOT NULL,
  `password` varchar(9) CHARACTER SET utf8mb4 COLLATE utf8mb4_unicode_ci NOT NULL,
  PRIMARY KEY (`id`),
  UNIQUE KEY `login` (`login`),
  UNIQUE KEY `nom` (`nom`)
) ENGINE=MyISAM AUTO_INCREMENT=9 DEFAULT CHARSET=utf8mb4 COLLATE=utf8mb4_unicode_ci ROW_FORMAT=DYNAMIC;

--
-- Déchargement des données de la table `users`
--

INSERT INTO `users` (`id`, `nom`, `type`, `login`, `password`) VALUES
(1, 'Ntep', 'super admin', 'Walter', '123456789'),
(2, 'Mme Gadeu', 'admin', 'DonaBarbara', '147258369'),
(3, 'M. Thierry', 'user', 'Douanla', '000000000'),
(4, 'M. Tsafack', 'user', 'Arnaud', '111111111'),
(5, 'M. Yannick', 'user', 'Yannick', '222222222'),
(6, 'Mme Kapche', 'user', 'Kapche', '333333333');
COMMIT;

/*!40101 SET CHARACTER_SET_CLIENT=@OLD_CHARACTER_SET_CLIENT */;
/*!40101 SET CHARACTER_SET_RESULTS=@OLD_CHARACTER_SET_RESULTS */;
/*!40101 SET COLLATION_CONNECTION=@OLD_COLLATION_CONNECTION */;
